step,loss
100,0.237547
200,0.178331
300,0.123415
400,0.104557
500,0.093968
600,0.086556
700,0.077156
800,0.071450
900,0.063066
1000,0.065911
1100,0.059675
1200,0.060362
1300,0.055614
1400,0.051067
1500,0.050212
1600,0.050651
1700,0.048852
1800,0.045559
1900,0.044755
2000,0.046838
2100,0.045343
2200,0.045078
2300,0.044528
2400,0.044145
2500,0.041866
2600,0.040995
2700,0.041671
2800,0.040098
2900,0.041716
3000,0.039334
3100,0.039765
3200,0.038327
3300,0.038785
3400,0.039510
3500,0.036925
3600,0.038083
3700,0.038823
3800,0.038156
3900,0.037699
4000,0.036252
4100,0.035894
4200,0.036111
4300,0.037149
4400,0.035975
4500,0.034956
4600,0.035820
4700,0.034575
4800,0.035512
4900,0.035596
5000,0.034287
5100,0.035181
5200,0.034548
5300,0.033338
5400,0.032946
5500,0.033748
5600,0.033869
5700,0.033289
5800,0.033846
5900,0.033538
6000,0.033136
6100,0.032526
6200,0.032975
6300,0.033220
6400,0.033056
6500,0.033403
6600,0.033170
6700,0.032516
6800,0.033235
6900,0.031493
7000,0.031864
7100,0.032051
7200,0.031638
7300,0.031239
7400,0.032012
7500,0.031380
7600,0.031329
7700,0.031181
7800,0.030924
7900,0.030930
8000,0.031102
8100,0.031649
8200,0.030905
8300,0.030432
8400,0.031375
8500,0.032636
8600,0.030804
8700,0.030895
8800,0.030629
8900,0.032048
9000,0.031490
9100,0.030461
9200,0.030885
9300,0.030433
9400,0.030821
9500,0.030118
9600,0.030089
9700,0.030924
9800,0.030400
9900,0.030116
10000,0.030195
10100,0.030672
10200,0.029624
10300,0.029706
10400,0.029503
10500,0.028970
10600,0.029966
10700,0.030696
10800,0.029456
10900,0.029856
11000,0.029686
11100,0.029868
11200,0.029466
11300,0.030079
11400,0.029177
11500,0.029512
11600,0.028825
11700,0.029036
11800,0.029312
11900,0.029550
12000,0.029540
12100,0.029810
12200,0.029511
12300,0.029202
12400,0.028810
12500,0.029172
12600,0.029485
12700,0.029160
12800,0.028982
12900,0.029045
13000,0.028605
13100,0.029009
13200,0.029246
13300,0.028494
13400,0.028148
13500,0.028539
13600,0.028015
13700,0.028747
13800,0.029109
13900,0.028470
14000,0.029367
14100,0.028983
14200,0.028357
14300,0.028049
14400,0.029347
14500,0.028455
14600,0.027978
14700,0.027868
14800,0.027910
14900,0.028703
15000,0.028376
15100,0.028337
15200,0.027837
15300,0.028422
15400,0.027962
15500,0.027985
15600,0.028125
15700,0.028084
15800,0.028128
15900,0.028236
16000,0.027716
16100,0.027994
16200,0.028024
16300,0.027636
16400,0.027798
16500,0.028313
16600,0.027813
16700,0.027981
16800,0.027936
16900,0.027846
17000,0.027957
17100,0.027387
17200,0.027426
17300,0.028002
17400,0.027455
17500,0.027985
17600,0.027796
17700,0.027979
17800,0.027929
17900,0.027360
18000,0.027301
18100,0.027961
18200,0.027677
18300,0.027766
18400,0.027301
18500,0.027241
18600,0.027641
18700,0.027236
18800,0.027405
18900,0.027876
19000,0.027353
19100,0.027254
19200,0.027847
19300,0.027188
19400,0.026700
19500,0.027637
19600,0.026977
19700,0.027076
19800,0.026832
19900,0.027201
20000,0.026903
20100,0.027129
20200,0.027329
20300,0.027572
20400,0.028087
20500,0.026652
20600,0.026962
20700,0.027200
20800,0.026733
20900,0.026767
21000,0.027066
21100,0.027453
21200,0.027190
21300,0.027277
21400,0.026881
21500,0.026421
21600,0.026996
21700,0.027093
21800,0.026889
21900,0.027011
22000,0.027447
22100,0.027025
22200,0.026989
22300,0.027377
22400,0.026922
22500,0.026652
22600,0.027067
22700,0.026521
22800,0.026916
22900,0.026812
23000,0.027048
23100,0.026746
23200,0.026608
23300,0.026783
23400,0.026540
23500,0.027168
23600,0.026861
23700,0.027369
23800,0.026865
23900,0.027230
24000,0.026536
24100,0.027250
24200,0.026595
24300,0.026295
24400,0.026387
24500,0.026607
24600,0.027056
24700,0.026663
24800,0.026327
24900,0.026492
25000,0.026394
25100,0.026268
25200,0.026553
25300,0.026417
25400,0.026621
25500,0.026564
25600,0.026843
25700,0.026343
25800,0.026207
25900,0.026763
26000,0.026199
26100,0.026039
26200,0.026463
26300,0.026914
26400,0.026540
26500,0.026281
26600,0.026245
26700,0.026542
26800,0.026029
26900,0.025965
27000,0.026389
27100,0.025995
27200,0.026233
27300,0.026528
27400,0.026999
27500,0.026180
27600,0.026020
27700,0.025947
27800,0.026225
27900,0.026088
28000,0.026027
28100,0.026490
28200,0.026390
28300,0.026942
28400,0.026326
28500,0.025959
28600,0.026810
28700,0.025769
28800,0.026551
28900,0.025980
29000,0.026088
29100,0.025785
29200,0.026032
29300,0.026399
29400,0.025998
29500,0.025798
29600,0.025901
29700,0.025727
29800,0.025609
29900,0.026143
30000,0.025975
30100,0.026154
30200,0.026103
30300,0.026420
30400,0.026343
30500,0.025840
30600,0.025706
30700,0.025885
30800,0.025644
30900,0.025776
31000,0.025868
31100,0.025751
31200,0.026093
31300,0.025903
31400,0.025795
31500,0.025950
31600,0.025759
31700,0.025746
31800,0.026244
31900,0.025804
32000,0.025723
32100,0.025727
32200,0.026084
32300,0.025456
32400,0.025925
32500,0.025931
32600,0.025785
32700,0.026349
32800,0.025723
32900,0.026326
33000,0.025693
33100,0.025566
33200,0.025935
33300,0.025458
33400,0.026335
33500,0.025607
33600,0.025714
33700,0.025635
33800,0.025745
33900,0.025738
34000,0.025430
34100,0.025480
34200,0.025630
34300,0.025490
34400,0.025694
34500,0.025777
34600,0.025923
34700,0.025913
34800,0.025252
34900,0.025662
35000,0.025747
35100,0.025558
35200,0.025192
35300,0.025556
35400,0.025874
35500,0.025718
35600,0.025058
35700,0.025908
35800,0.025728
35900,0.025363
36000,0.025546
36100,0.025617
36200,0.025642
36300,0.025247
36400,0.025494
36500,0.025336
36600,0.025057
36700,0.025379
36800,0.026112
36900,0.025390
37000,0.025527
37100,0.025152
37200,0.025365
37300,0.025045
37400,0.025075
37500,0.025604
37600,0.025440
37700,0.025024
37800,0.025945
37900,0.025235
38000,0.025672
38100,0.025167
38200,0.025594
38300,0.025206
38400,0.025117
38500,0.025418
38600,0.025831
38700,0.025402
38800,0.025067
38900,0.025272
39000,0.025153
39100,0.025123
39200,0.025800
39300,0.025153
39400,0.025342
39500,0.025384
39600,0.025616
39700,0.025127
39800,0.025127
39900,0.025424
40000,0.025172
40100,0.025143
40200,0.025502
40300,0.025512
40400,0.025206
40500,0.025323
40600,0.025197
40700,0.025428
40800,0.025247
40900,0.025647
41000,0.025250
41100,0.025147
41200,0.025123
41300,0.025833
41400,0.025125
41500,0.025504
41600,0.025096
41700,0.025094
41800,0.025192
41900,0.025321
42000,0.025362
42100,0.025236
42200,0.024992
42300,0.024802
42400,0.025047
42500,0.025477
42600,0.025087
42700,0.024906
42800,0.025121
42900,0.025043
43000,0.025407
43100,0.025214
43200,0.025733
43300,0.024510
43400,0.025044
43500,0.025574
43600,0.025199
43700,0.025001
43800,0.025443
43900,0.025151
44000,0.024916
44100,0.024895
44200,0.024750
44300,0.025032
44400,0.025249
44500,0.025043
44600,0.025152
44700,0.024671
44800,0.025231
44900,0.025067
45000,0.024995
45100,0.025046
45200,0.025264
45300,0.025230
45400,0.024902
45500,0.025354
45600,0.024784
45700,0.024746
45800,0.024811
45900,0.024794
46000,0.025090
46100,0.025030
46200,0.025199
46300,0.024815
46400,0.025130
46500,0.024861
46600,0.025645
46700,0.025091
46800,0.025134
46900,0.024684
47000,0.024808
47100,0.025123
47200,0.024713
47300,0.024916
47400,0.024994
47500,0.024942
47600,0.025058
47700,0.024716
47800,0.025067
47900,0.025206
48000,0.024710
48100,0.024577
48200,0.025168
48300,0.024966
48400,0.025160
48500,0.024713
48600,0.025096
48700,0.025024
48800,0.024931
48900,0.024858
49000,0.024837
49100,0.025010
49200,0.024753
49300,0.024606
49400,0.024776
49500,0.024945
49600,0.025057
49700,0.024794
49800,0.024799
49900,0.025201
50000,0.024940
50100,0.024634
50200,0.024557
50300,0.025184
50400,0.024752
50500,0.024838
50600,0.025224
50700,0.024671
50800,0.024975
50900,0.024841
51000,0.024750
51100,0.024876
51200,0.024537
51300,0.024611
51400,0.024679
51500,0.024755
51600,0.024505
51700,0.024595
51800,0.024739
51900,0.024819
52000,0.024872
52100,0.024466
52200,0.024758
52300,0.025579
52400,0.024527
52500,0.024633
52600,0.024468
52700,0.025297
52800,0.024648
52900,0.024620
53000,0.024926
53100,0.024856
53200,0.024871
53300,0.024434
53400,0.024796
53500,0.024736
53600,0.025129
53700,0.024827
53800,0.024832
53900,0.024695
54000,0.024614
54100,0.024717
54200,0.025013
54300,0.024840
54400,0.024891
54500,0.024521
54600,0.024481
54700,0.024467
54800,0.024636
54900,0.024825
55000,0.024307
55100,0.024734
55200,0.024365
55300,0.024590
55400,0.024665
55500,0.024745
55600,0.024638
55700,0.024623
55800,0.024427
55900,0.024653
56000,0.024560
56100,0.024635
56200,0.024917
56300,0.024536
56400,0.024606
56500,0.024551
56600,0.024570
56700,0.024596
56800,0.024473
56900,0.024735
57000,0.024368
57100,0.024872
57200,0.024740
57300,0.024457
57400,0.024293
57500,0.024595
57600,0.024793
57700,0.024521
57800,0.024673
57900,0.024376
58000,0.024521
58100,0.024439
58200,0.024660
58300,0.024681
58400,0.024684
58500,0.024674
58600,0.024435
58700,0.024413
58800,0.024653
58900,0.024394
59000,0.024923
59100,0.024388
59200,0.024558
59300,0.024558
59400,0.024334
59500,0.024664
59600,0.024634
59700,0.024318
59800,0.024356
59900,0.024478
60000,0.024610
60100,0.024551
60200,0.024582
60300,0.024470
60400,0.024210
60500,0.024679
60600,0.024554
60700,0.024462
60800,0.024209
60900,0.024364
61000,0.024766
61100,0.024243
61200,0.024594
61300,0.024231
61400,0.024488
61500,0.024324
61600,0.024280
61700,0.024943
61800,0.024295
61900,0.024373
62000,0.024160
62100,0.024319
62200,0.024417
62300,0.024430
62400,0.024561
62500,0.024402
62600,0.024650
62700,0.024257
62800,0.024501
62900,0.024227
63000,0.024809
63100,0.024549
63200,0.024309
63300,0.024405
63400,0.024440
63500,0.024458
63600,0.024650
63700,0.024351
63800,0.024163
63900,0.024473
64000,0.024239
64100,0.024371
64200,0.024645
64300,0.024301
64400,0.024557
64500,0.024318
64600,0.024235
64700,0.024454
64800,0.024278
64900,0.024151
65000,0.024181
65100,0.024395
65200,0.024141
65300,0.024130
65400,0.024365
65500,0.023914
65600,0.024226
65700,0.024304
65800,0.024297
65900,0.024274
66000,0.024085
66100,0.024198
66200,0.024385
66300,0.024402
66400,0.024321
66500,0.024434
66600,0.024316
66700,0.024404
66800,0.024466
66900,0.024259
67000,0.024069
67100,0.024346
67200,0.024334
67300,0.024435
67400,0.024273
67500,0.024487
67600,0.024339
67700,0.024250
67800,0.024021
67900,0.024059
68000,0.024407
68100,0.024176
68200,0.024272
68300,0.024321
68400,0.024234
68500,0.024361
68600,0.024262
68700,0.024199
68800,0.024428
68900,0.024302
69000,0.024184
69100,0.024412
69200,0.024157
69300,0.024185
69400,0.024644
69500,0.024282
69600,0.023902
69700,0.024151
69800,0.024331
69900,0.024367
70000,0.024360
70100,0.024430
70200,0.024362
70300,0.024114
70400,0.024025
70500,0.024455
70600,0.024163
70700,0.024151
70800,0.024234
70900,0.024345
71000,0.024231
71100,0.024292
71200,0.024169
71300,0.024192
71400,0.024218
71500,0.023979
71600,0.024033
71700,0.024234
71800,0.024175
71900,0.024107
72000,0.024282
72100,0.024393
72200,0.024016
72300,0.024012
72400,0.024288
72500,0.024063
72600,0.024246
72700,0.024413
72800,0.024036
72900,0.024147
73000,0.024153
73100,0.024123
73200,0.024212
73300,0.024278
73400,0.024224
73500,0.024372
73600,0.024251
73700,0.024130
73800,0.023892
73900,0.023852
74000,0.024495
74100,0.024029
74200,0.023964
74300,0.024434
74400,0.024124
74500,0.024215
74600,0.024204
74700,0.024206
74800,0.023978
74900,0.024259
75000,0.023948
75100,0.024079
75200,0.024441
75300,0.024167
75400,0.023965
75500,0.024149
75600,0.023936
75700,0.024489
75800,0.024283
75900,0.023995
76000,0.024377
76100,0.024029
76200,0.024460
76300,0.023993
76400,0.024075
76500,0.024135
76600,0.023828
76700,0.024339
76800,0.024096
76900,0.024200
77000,0.024455
77100,0.024000
77200,0.024140
77300,0.024297
77400,0.024339
77500,0.024159
77600,0.024245
77700,0.023938
77800,0.024059
77900,0.024337
78000,0.024024
78100,0.024306
78200,0.023950
78300,0.024320
78400,0.024147
78500,0.024207
78600,0.024076
78700,0.023884
78800,0.024025
78900,0.024201
79000,0.024129
79100,0.024308
79200,0.023908
79300,0.023995
79400,0.024447
79500,0.024012
79600,0.024084
79700,0.024074
79800,0.024203
79900,0.024321
80000,0.024141
80100,0.023992
80200,0.023953
80300,0.024034
80400,0.024360
80500,0.024103
80600,0.024402
80700,0.024269
80800,0.023815
80900,0.024038
81000,0.023958
81100,0.023875
81200,0.024060
81300,0.024079
81400,0.023864
81500,0.024186
81600,0.024202
81700,0.024158
81800,0.023912
81900,0.024015
82000,0.023985
82100,0.024382
82200,0.023695
82300,0.023894
82400,0.023972
82500,0.024086
82600,0.023994
82700,0.023771
82800,0.023844
82900,0.023912
83000,0.024179
83100,0.024044
83200,0.023870
83300,0.024138
83400,0.023814
83500,0.023961
83600,0.023902
83700,0.024131
83800,0.023754
83900,0.023908
84000,0.024167
84100,0.023982
84200,0.023916
84300,0.023959
84400,0.024002
84500,0.024120
84600,0.023966
84700,0.024166
84800,0.023896
84900,0.024190
85000,0.024053
85100,0.023919
85200,0.024023
85300,0.023839
85400,0.023875
85500,0.024090
85600,0.023761
85700,0.023812
85800,0.023797
85900,0.023955
86000,0.023992
86100,0.023865
86200,0.023834
86300,0.023889
86400,0.023784
86500,0.024086
86600,0.023878
86700,0.023972
86800,0.023985
86900,0.023976
87000,0.023906
87100,0.024150
87200,0.024067
87300,0.024094
87400,0.024142
87500,0.023884
87600,0.023955
87700,0.023733
87800,0.023700
87900,0.023773
88000,0.023886
88100,0.024135
88200,0.023800
88300,0.024023
88400,0.024013
88500,0.023898
88600,0.023949
88700,0.023961
88800,0.023843
88900,0.023909
89000,0.023900
89100,0.023958
89200,0.023725
89300,0.023787
89400,0.023688
89500,0.023867
89600,0.024320
89700,0.023859
89800,0.023840
89900,0.024069
90000,0.023570
90100,0.023659
90200,0.023988
90300,0.023835
90400,0.023941
90500,0.023864
90600,0.023708
90700,0.023604
90800,0.024208
90900,0.023609
91000,0.023878
91100,0.023924
91200,0.023768
91300,0.024054
91400,0.023959
91500,0.023796
91600,0.024082
91700,0.023990
91800,0.023993
91900,0.024539
92000,0.024033
92100,0.023839
92200,0.023837
92300,0.023890
92400,0.023859
92500,0.023765
92600,0.023951
92700,0.023949
92800,0.024144
92900,0.023746
93000,0.023704
93100,0.023773
93200,0.023743
93300,0.024038
93400,0.023861
93500,0.023765
93600,0.023877
93700,0.023625
93800,0.024059
93900,0.023950
94000,0.023801
94100,0.024234
94200,0.023622
94300,0.023993
94400,0.023612
94500,0.023394
94600,0.023886
94700,0.023691
94800,0.023528
94900,0.023938
95000,0.023747
95100,0.023713
95200,0.023931
95300,0.023813
95400,0.023904
95500,0.023509
95600,0.024309
95700,0.023984
95800,0.023703
95900,0.024022
96000,0.024170
96100,0.023599
96200,0.023635
96300,0.024230
96400,0.023537
96500,0.023971
96600,0.023843
96700,0.023926
96800,0.023850
96900,0.024066
97000,0.023605
97100,0.023750
97200,0.023910
97300,0.023933
97400,0.024065
97500,0.023773
97600,0.024027
97700,0.023841
97800,0.023628
97900,0.023779
98000,0.023895
98100,0.023827
98200,0.023727
98300,0.024134
98400,0.024123
98500,0.023605
98600,0.023929
98700,0.023471
98800,0.023648
98900,0.023851
99000,0.023651
99100,0.024030
99200,0.023905
99300,0.023554
99400,0.023944
99500,0.023817
99600,0.023849
99700,0.023884
99800,0.023742
99900,0.023616
100000,0.024003
100100,0.023880
100200,0.023736
100300,0.023685
100400,0.023777
100500,0.024008
100600,0.023713
100700,0.023735
100800,0.023831
100900,0.024165
101000,0.023777
101100,0.023862
101200,0.023628
101300,0.023983
101400,0.023751
101500,0.023643
101600,0.023559
101700,0.023641
101800,0.023903
101900,0.023855
102000,0.023635
102100,0.023905
102200,0.023630
102300,0.023803
102400,0.023702
102500,0.023564
102600,0.023921
102700,0.023725
102800,0.023464
102900,0.023531
103000,0.024043
103100,0.023676
103200,0.023966
103300,0.023847
103400,0.023740
103500,0.023622
103600,0.023695
103700,0.023535
103800,0.023723
103900,0.023559
104000,0.023893
104100,0.023681
104200,0.023972
104300,0.023836
104400,0.023817
104500,0.024068
104600,0.023977
104700,0.023740
104800,0.023724
104900,0.023501
105000,0.023727
105100,0.023683
105200,0.023800
105300,0.023769
105400,0.023671
105500,0.023747
105600,0.024051
105700,0.023638
105800,0.023563
105900,0.023747
106000,0.023602
106100,0.023818
106200,0.023751
106300,0.023583
106400,0.023836
106500,0.023759
106600,0.023679
106700,0.023661
106800,0.023479
106900,0.023631
107000,0.023698
107100,0.023851
107200,0.023399
107300,0.023874
107400,0.023845
107500,0.023645
107600,0.023708
107700,0.023614
107800,0.023679
107900,0.023893
108000,0.023842
108100,0.023723
108200,0.023647
108300,0.023726
108400,0.023744
108500,0.023518
108600,0.023568
108700,0.023631
108800,0.023533
108900,0.023742
109000,0.023736
109100,0.023885
109200,0.023832
109300,0.023777
109400,0.023528
109500,0.023971
109600,0.023413
109700,0.023810
109800,0.023675
109900,0.023321
110000,0.023589
110100,0.023401
110200,0.023566
110300,0.023715
110400,0.023736
110500,0.023629
110600,0.023509
110700,0.023493
110800,0.024102
110900,0.023486
111000,0.023638
111100,0.023606
111200,0.023774
111300,0.023479
111400,0.023523
111500,0.023953
111600,0.023476
111700,0.023666
111800,0.023692
111900,0.023461
112000,0.023643
112100,0.023558
112200,0.023564
112300,0.023646
112400,0.023775
112500,0.023756
112600,0.023821
112700,0.023630
112800,0.023695
112900,0.023448
113000,0.023573
113100,0.023507
113200,0.023733
113300,0.023800
113400,0.023569
113500,0.023554
113600,0.023584
113700,0.023651
113800,0.023708
113900,0.023564
114000,0.023699
114100,0.023682
114200,0.023764
114300,0.023668
114400,0.023703
114500,0.023616
114600,0.023814
114700,0.023645
114800,0.023569
114900,0.023645
115000,0.023603
115100,0.023647
115200,0.023855
115300,0.023496
115400,0.023499
115500,0.023713
115600,0.024039
115700,0.023793
115800,0.023475
115900,0.023416
116000,0.023731
116100,0.023716
116200,0.023488
116300,0.023696
116400,0.023484
116500,0.023624
116600,0.023472
116700,0.023667
116800,0.023532
116900,0.023956
117000,0.023395
117100,0.023594
117200,0.023608
117300,0.023466
117400,0.023563
117500,0.023636
117600,0.023830
117700,0.023541
117800,0.023615
117900,0.023452
118000,0.023694
118100,0.023531
118200,0.023696
118300,0.023398
118400,0.023500
118500,0.023446
118600,0.023563
118700,0.023713
118800,0.023626
118900,0.023719
119000,0.023578
119100,0.023508
119200,0.023601
119300,0.023598
119400,0.023549
119500,0.023559
119600,0.023511
119700,0.023415
119800,0.023540
119900,0.023509
120000,0.023714
120100,0.023525
120200,0.023533
120300,0.023884
120400,0.023589
120500,0.023704
120600,0.023548
120700,0.023760
120800,0.023686
120900,0.023439
121000,0.023282
121100,0.023451
121200,0.023386
121300,0.023538
121400,0.023239
121500,0.023510
121600,0.024072
121700,0.023932
121800,0.023541
121900,0.023675
122000,0.023770
122100,0.023494
122200,0.023530
122300,0.023493
122400,0.023486
122500,0.023566
122600,0.023714
122700,0.023355
122800,0.023726
122900,0.023301
123000,0.023821
123100,0.023485
123200,0.023513
123300,0.023552
123400,0.023716
123500,0.023411
123600,0.023633
123700,0.023412
123800,0.023577
123900,0.023276
124000,0.023568
124100,0.023760
124200,0.023426
124300,0.023557
124400,0.023613
124500,0.023504
124600,0.023618
124700,0.023795
124800,0.023513
124900,0.023323
125000,0.023562
125100,0.023552
125200,0.023287
125300,0.023352
125400,0.023435
125500,0.023696
125600,0.023540
125700,0.023487
125800,0.023403
125900,0.023372
126000,0.023387
126100,0.023416
126200,0.023473
126300,0.023496
126400,0.023454
126500,0.023552
126600,0.023519
126700,0.023486
126800,0.023271
126900,0.023390
127000,0.023278
127100,0.023522
127200,0.023609
127300,0.023595
127400,0.023672
127500,0.023584
127600,0.023499
127700,0.023344
127800,0.023649
127900,0.023517
128000,0.023675
128100,0.023736
128200,0.023500
128300,0.023546
128400,0.023627
128500,0.023654
128600,0.023640
128700,0.023603
128800,0.023582
128900,0.023365
129000,0.023516
129100,0.023668
129200,0.023216
129300,0.023228
129400,0.023313
129500,0.023379
129600,0.023476
129700,0.023411
129800,0.023382
129900,0.023572
130000,0.023619
130100,0.023600
130200,0.023546
130300,0.023688
130400,0.023643
130500,0.023444
130600,0.023625
130700,0.023529
130800,0.023275
130900,0.023436
131000,0.023349
131100,0.023478
131200,0.023427
131300,0.023813
131400,0.023379
131500,0.023480
131600,0.023550
131700,0.023637
131800,0.023411
131900,0.023560
132000,0.023495
132100,0.023454
132200,0.023667
132300,0.023641
132400,0.023266
132500,0.023380
132600,0.023314
132700,0.023414
132800,0.023334
132900,0.023475
133000,0.023606
133100,0.023256
133200,0.023430
133300,0.023758
133400,0.023324
133500,0.023590
133600,0.023311
133700,0.023410
133800,0.023723
133900,0.023284
134000,0.023368
134100,0.023123
134200,0.023596
134300,0.023549
134400,0.023500
134500,0.023663
134600,0.023659
134700,0.023559
134800,0.023542
134900,0.023562
135000,0.023506
135100,0.023418
135200,0.023160
135300,0.023522
135400,0.023535
135500,0.023511
135600,0.023458
135700,0.023519
135800,0.023453
135900,0.023349
136000,0.023439
136100,0.023503
136200,0.023628
136300,0.023337
136400,0.023489
136500,0.023387
136600,0.023337
136700,0.023292
136800,0.023262
136900,0.023349
137000,0.023514
137100,0.023523
137200,0.023522
137300,0.023536
137400,0.023238
137500,0.023338
137600,0.023490
137700,0.023268
137800,0.023517
137900,0.023526
138000,0.023370
138100,0.023431
138200,0.023471
138300,0.023300
138400,0.023403
138500,0.023512
138600,0.023381
138700,0.023211
138800,0.023436
138900,0.023383
139000,0.023597
139100,0.023387
139200,0.023562
139300,0.023097
139400,0.023318
139500,0.023389
139600,0.023375
139700,0.023319
139800,0.023633
139900,0.023363
140000,0.023162
140100,0.023386
140200,0.023570
140300,0.023486
140400,0.023334
140500,0.023499
140600,0.023326
140700,0.023216
140800,0.023257
140900,0.023734
141000,0.023203
141100,0.023452
141200,0.023485
141300,0.023064
141400,0.023530
141500,0.023194
141600,0.023207
141700,0.023069
141800,0.023604
141900,0.023351
142000,0.023608
142100,0.023464
142200,0.023344
142300,0.023563
142400,0.023180
142500,0.023471
142600,0.023760
142700,0.023309
142800,0.023079
142900,0.023502
143000,0.023390
143100,0.023122
143200,0.023250
143300,0.023460
143400,0.023301
143500,0.023386
143600,0.023345
143700,0.023494
143800,0.023246
143900,0.023200
144000,0.023641
144100,0.023482
144200,0.023435
144300,0.023515
144400,0.023268
144500,0.023480
144600,0.023427
144700,0.023326
144800,0.023510
144900,0.023325
145000,0.023272
145100,0.023262
145200,0.023376
145300,0.023624
145400,0.023569
145500,0.023506
145600,0.023419
145700,0.023448
145800,0.023480
145900,0.023478
146000,0.023399
146100,0.023211
146200,0.023303
146300,0.023458
146400,0.023209
146500,0.023558
146600,0.023379
146700,0.023172
146800,0.023339
146900,0.023154
147000,0.023272
147100,0.023262
147200,0.023405
147300,0.023451
147400,0.023407
147500,0.023289
147600,0.023168
147700,0.023416
147800,0.023299
147900,0.023240
148000,0.023310
148100,0.023333
148200,0.023226
148300,0.023353
148400,0.023417
148500,0.023205
148600,0.023210
148700,0.023405
148800,0.023443
148900,0.023219
149000,0.023357
149100,0.023154
149200,0.023218
149300,0.023519
149400,0.023350
149500,0.023533
149600,0.023264
149700,0.023122
149800,0.023234
149900,0.023314
150000,0.023151
150100,0.023503
150200,0.023274
150300,0.023531
150400,0.023456
150500,0.023480
150600,0.023339
150700,0.023292
150800,0.023222
150900,0.023426
151000,0.023423
151100,0.023367
151200,0.023417
151300,0.023547
151400,0.023116
151500,0.023255
151600,0.023443
151700,0.023471
151800,0.023353
151900,0.023182
152000,0.023287
152100,0.023223
152200,0.023461
152300,0.023205
152400,0.023355
152500,0.023458
152600,0.023309
152700,0.023167
152800,0.023153
152900,0.023119
153000,0.023380
153100,0.023086
153200,0.023321
153300,0.023511
153400,0.023334
153500,0.023351
153600,0.023314
153700,0.023353
153800,0.023230
153900,0.023311
154000,0.023175
154100,0.023375
154200,0.023387
154300,0.023394
154400,0.023365
154500,0.023393
154600,0.023321
154700,0.023170
154800,0.023244
154900,0.023221
155000,0.023334
155100,0.023507
155200,0.023305
155300,0.023011
155400,0.023356
155500,0.023273
155600,0.023318
155700,0.023166
155800,0.023310
155900,0.023577
156000,0.023261
156100,0.023327
156200,0.023361
156300,0.023157
156400,0.023370
156500,0.023374
156600,0.023316
156700,0.023062
156800,0.023292
156900,0.023264
157000,0.023268
157100,0.023261
157200,0.023266
157300,0.023375
157400,0.023318
157500,0.023402
157600,0.023123
157700,0.023336
157800,0.023340
157900,0.023342
158000,0.023276
158100,0.023231
158200,0.023313
158300,0.023330
158400,0.023469
158500,0.023494
158600,0.023634
158700,0.023183
158800,0.023353
158900,0.023494
159000,0.023113
159100,0.023310
159200,0.023245
159300,0.023066
159400,0.023131
159500,0.023093
159600,0.023353
159700,0.023444
159800,0.023161
159900,0.023251
160000,0.023340
160100,0.023335
160200,0.023367
160300,0.023676
160400,0.023196
160500,0.023278
160600,0.023263
160700,0.023157
160800,0.022883
160900,0.023273
161000,0.023290
161100,0.023197
161200,0.023215
161300,0.023135
161400,0.022972
161500,0.023120
161600,0.023230
161700,0.023098
161800,0.023332
161900,0.023251
162000,0.023153
162100,0.023310
162200,0.023524
162300,0.023391
162400,0.023299
162500,0.023124
162600,0.023385
162700,0.023136
162800,0.023349
162900,0.023212
163000,0.023359
163100,0.023263
163200,0.022993
163300,0.023294
163400,0.023388
163500,0.023043
163600,0.023169
163700,0.023401
163800,0.023293
163900,0.023148
164000,0.023273
164100,0.023147
164200,0.023261
164300,0.023148
164400,0.023164
164500,0.023040
164600,0.023211
164700,0.023013
164800,0.023227
164900,0.023388
165000,0.023311
165100,0.023263
165200,0.023410
165300,0.023130
165400,0.023044
165500,0.023074
165600,0.023446
165700,0.023214
165800,0.023426
165900,0.023560
166000,0.023150
166100,0.023573
166200,0.023409
166300,0.023259
166400,0.023390
166500,0.023156
166600,0.023197
166700,0.023312
166800,0.023305
166900,0.023366
167000,0.023284
167100,0.023479
167200,0.023209
167300,0.023252
167400,0.023396
167500,0.023373
167600,0.023080
167700,0.023070
167800,0.023045
167900,0.023046
168000,0.023283
168100,0.023239
168200,0.023072
168300,0.022980
168400,0.023136
168500,0.023238
168600,0.023163
168700,0.023381
168800,0.022939
168900,0.023062
169000,0.023207
169100,0.023281
169200,0.023068
169300,0.023113
169400,0.023201
169500,0.023012
169600,0.023430
169700,0.023204
169800,0.022952
169900,0.023302
170000,0.023221
170100,0.023155
170200,0.023266
170300,0.023339
170400,0.023347
170500,0.023105
170600,0.023111
170700,0.023470
170800,0.023142
170900,0.022992
171000,0.023013
171100,0.023447
171200,0.023262
171300,0.023176
171400,0.023242
171500,0.023421
171600,0.023186
171700,0.023223
171800,0.023161
171900,0.023029
172000,0.023469
172100,0.023179
172200,0.022962
172300,0.023410
172400,0.023213
172500,0.023248
172600,0.022927
172700,0.022938
172800,0.023265
172900,0.023151
173000,0.023290
173100,0.023225
173200,0.023225
173300,0.023085
173400,0.022944
173500,0.023327
173600,0.022944
173700,0.022994
173800,0.023124
173900,0.023279
174000,0.023201
174100,0.023249
174200,0.023086
174300,0.023094
174400,0.023019
174500,0.023251
174600,0.023190
174700,0.023237
174800,0.023050
174900,0.023363
175000,0.023411
175100,0.023109
175200,0.023167
175300,0.023216
175400,0.023083
175500,0.023332
175600,0.023288
175700,0.023381
175800,0.022916
175900,0.023038
176000,0.023498
176100,0.022977
176200,0.023224
176300,0.023193
176400,0.023097
176500,0.023048
176600,0.023193
176700,0.022966
176800,0.023273
176900,0.023431
177000,0.023213
177100,0.023152
177200,0.023121
177300,0.023073
177400,0.023154
177500,0.023347
177600,0.023231
177700,0.023225
177800,0.022847
177900,0.023314
178000,0.022995
178100,0.023369
178200,0.023170
178300,0.023028
178400,0.023170
178500,0.023109
178600,0.023182
178700,0.023109
178800,0.023217
178900,0.023206
179000,0.023210
179100,0.023039
179200,0.023249
179300,0.023260
179400,0.023213
179500,0.023404
179600,0.022970
179700,0.023110
179800,0.023128
179900,0.023116
180000,0.023057
180100,0.023246
180200,0.023271
180300,0.023220
180400,0.023171
180500,0.023220
180600,0.023015
180700,0.023269
180800,0.023032
180900,0.023439
181000,0.023282
181100,0.023180
181200,0.023198
181300,0.023157
181400,0.023676
181500,0.023062
181600,0.023100
181700,0.023087
181800,0.022923
181900,0.023214
182000,0.023120
182100,0.023042
182200,0.023174
182300,0.023119
182400,0.023368
182500,0.023288
182600,0.023149
182700,0.023125
182800,0.023087
182900,0.022915
183000,0.023179
183100,0.023149
183200,0.022987
183300,0.023298
183400,0.023090
183500,0.023188
183600,0.023262
183700,0.023081
183800,0.023096
183900,0.023614
184000,0.023212
184100,0.023372
184200,0.023147
184300,0.023114
184400,0.022968
184500,0.023208
184600,0.022839
184700,0.022926
184800,0.023183
184900,0.023185
185000,0.023005
185100,0.023220
185200,0.022888
185300,0.022955
185400,0.023089
185500,0.023175
185600,0.023461
185700,0.023207
185800,0.023268
185900,0.023098
186000,0.023093
186100,0.022939
186200,0.023229
186300,0.023245
186400,0.023048
186500,0.023069
186600,0.023213
186700,0.023108
186800,0.023108
186900,0.023077
187000,0.023029
187100,0.023301
187200,0.023042
187300,0.023159
187400,0.023136
187500,0.023087
187600,0.023289
187700,0.023068
187800,0.023171
187900,0.023235
188000,0.023106
188100,0.022925
188200,0.023229
188300,0.023130
188400,0.023431
188500,0.023223
188600,0.023055
188700,0.023196
188800,0.022953
188900,0.023033
189000,0.023252
189100,0.023193
189200,0.023183
189300,0.023177
189400,0.023237
189500,0.023244
189600,0.023189
189700,0.023166
189800,0.022904
189900,0.023009
190000,0.022877
190100,0.023020
190200,0.023226
190300,0.023159
190400,0.022988
190500,0.023167
190600,0.022951
190700,0.023141
190800,0.023237
190900,0.023443
191000,0.022996
191100,0.023203
191200,0.023084
191300,0.023416
191400,0.023154
191500,0.023129
191600,0.023310
191700,0.023094
191800,0.023045
191900,0.023158
192000,0.023179
192100,0.023349
192200,0.023233
192300,0.023137
192400,0.023027
192500,0.022965
192600,0.022778
192700,0.023105
192800,0.022916
192900,0.023142
193000,0.022971
193100,0.022997
193200,0.023042
193300,0.023209
193400,0.022993
193500,0.023090
193600,0.023075
193700,0.023148
193800,0.023221
193900,0.023179
194000,0.023004
194100,0.023069
194200,0.023128
194300,0.022843
194400,0.023203
194500,0.023355
194600,0.023180
194700,0.022911
194800,0.023202
194900,0.022992
195000,0.023263
195100,0.022827
195200,0.022923
195300,0.023099
195400,0.023166
195500,0.023097
195600,0.022801
195700,0.022850
195800,0.022859
195900,0.022918
196000,0.023090
196100,0.023031
196200,0.023087
196300,0.023111
196400,0.022862
196500,0.023154
196600,0.023082
196700,0.022955
196800,0.023037
196900,0.022985
197000,0.023191
197100,0.022919
197200,0.022913
197300,0.023045
197400,0.023052
197500,0.023131
197600,0.023170
197700,0.022925
197800,0.023157
197900,0.023020
198000,0.023235
198100,0.023192
198200,0.023033
198300,0.023084
198400,0.023027
198500,0.023194
198600,0.022926
198700,0.022867
198800,0.023146
198900,0.023250
199000,0.023007
199100,0.023263
199200,0.023330
199300,0.022977
199400,0.023062
199500,0.022930
199600,0.023033
199700,0.023019
199800,0.023074
199900,0.023110
200000,0.022941
200100,0.023275
200200,0.023332
200300,0.023235
200400,0.023039
200500,0.023392
200600,0.023132
200700,0.022810
200800,0.023143
200900,0.023122
201000,0.022908
201100,0.023027
201200,0.022710
201300,0.023093
201400,0.023059
201500,0.022956
201600,0.023000
201700,0.023109
201800,0.022993
201900,0.022876
202000,0.022992
202100,0.023088
202200,0.023118
202300,0.023275
202400,0.023188
202500,0.022930
202600,0.023005
202700,0.022809
202800,0.023155
202900,0.023019
203000,0.022999
203100,0.022950
203200,0.022906
203300,0.022979
203400,0.022944
203500,0.023045
203600,0.022949
203700,0.023116
203800,0.022983
203900,0.022773
204000,0.022915
204100,0.022828
204200,0.023158
204300,0.023024
204400,0.023127
204500,0.023225
204600,0.022974
204700,0.023043
204800,0.022769
204900,0.023063
205000,0.022954
205100,0.022851
205200,0.023043
205300,0.022872
205400,0.023153
205500,0.022917
205600,0.023008
205700,0.022856
205800,0.022920
205900,0.023029
206000,0.023169
206100,0.022919
206200,0.023064
206300,0.022977
206400,0.023388
206500,0.022964
206600,0.022817
206700,0.023020
206800,0.023099
206900,0.023027
207000,0.023061
207100,0.022975
207200,0.023052
207300,0.023057
207400,0.023105
207500,0.023041
207600,0.023214
207700,0.023106
207800,0.023059
207900,0.023260
208000,0.022831
208100,0.023188
208200,0.022954
208300,0.023114
208400,0.022928
208500,0.022971
208600,0.022994
208700,0.023154
208800,0.023139
208900,0.022915
209000,0.023154
209100,0.023011
209200,0.022706
209300,0.022986
209400,0.022854
209500,0.023035
209600,0.023081
209700,0.023124
209800,0.022865
209900,0.022911
210000,0.022866
210100,0.022986
210200,0.022972
210300,0.022900
210400,0.022874
210500,0.022852
210600,0.023055
210700,0.022910
210800,0.022944
210900,0.023216
211000,0.023204
211100,0.023052
211200,0.023049
211300,0.023250
211400,0.022855
211500,0.023028
211600,0.022931
211700,0.022889
211800,0.022918
211900,0.023021
212000,0.023125
212100,0.022868
212200,0.022936
212300,0.022945
212400,0.023093
212500,0.023080
212600,0.022914
212700,0.022842
212800,0.022925
212900,0.023063
213000,0.022865
213100,0.022911
213200,0.022898
213300,0.022837
213400,0.022815
213500,0.022989
213600,0.022963
213700,0.023029
213800,0.022959
213900,0.023096
214000,0.023265
214100,0.022916
214200,0.022888
214300,0.022928
214400,0.023199
214500,0.023031
214600,0.022937
214700,0.022971
214800,0.023010
214900,0.023106
215000,0.022925
215100,0.023012
215200,0.023046
215300,0.023067
215400,0.023015
215500,0.022862
215600,0.023081
215700,0.022987
215800,0.022826
215900,0.022953
216000,0.023173
216100,0.023100
216200,0.022841
216300,0.022864
216400,0.022667
216500,0.023028
216600,0.022814
216700,0.023074
216800,0.022833
216900,0.023085
217000,0.022960
217100,0.023003
217200,0.022855
217300,0.022975
217400,0.023021
217500,0.022694
217600,0.022948
217700,0.022873
217800,0.023127
217900,0.023181
218000,0.022876
218100,0.023103
218200,0.023151
218300,0.022937
218400,0.023039
218500,0.022877
218600,0.022756
218700,0.023183
218800,0.022910
218900,0.022863
219000,0.022985
219100,0.022973
219200,0.022802
219300,0.022947
219400,0.022964
219500,0.022728
219600,0.023069
219700,0.023157
219800,0.023015
219900,0.022934
220000,0.023046
220100,0.022800
220200,0.022799
220300,0.022881
220400,0.023118
220500,0.022711
220600,0.022920
220700,0.022887
220800,0.023053
220900,0.023085
221000,0.022980
221100,0.022767
221200,0.023132
221300,0.022657
221400,0.023128
221500,0.023013
221600,0.023062
221700,0.022955
221800,0.022934
221900,0.022685
222000,0.022770
222100,0.023127
222200,0.022994
222300,0.023055
222400,0.023094
222500,0.023022
222600,0.023020
222700,0.023067
222800,0.023038
222900,0.022831
223000,0.022914
223100,0.022971
223200,0.022902
223300,0.023013
223400,0.022895
223500,0.022821
223600,0.023149
223700,0.023045
223800,0.022917
223900,0.022975
224000,0.022856
224100,0.023031
224200,0.022755
224300,0.022841
224400,0.022977
224500,0.023020
224600,0.022790
224700,0.023091
224800,0.022725
224900,0.022925
225000,0.022909
225100,0.023045
225200,0.022896
225300,0.022646
225400,0.023131
225500,0.023022
225600,0.022999
225700,0.022990
225800,0.022849
225900,0.022924
226000,0.023169
226100,0.022806
226200,0.022869
226300,0.023171
226400,0.023160
226500,0.023009
226600,0.022877
226700,0.022930
226800,0.023155
226900,0.022725
227000,0.022972
227100,0.022841
227200,0.022850
227300,0.023003
227400,0.022678
227500,0.023005
227600,0.022913
227700,0.022946
227800,0.023002
227900,0.022842
228000,0.022927
228100,0.022957
228200,0.022694
228300,0.022880
228400,0.022949
228500,0.023005
228600,0.022881
228700,0.023003
228800,0.022809
228900,0.022918
229000,0.022873
229100,0.022897
229200,0.022940
229300,0.023064
229400,0.022788
229500,0.023060
229600,0.022887
229700,0.022873
229800,0.023006
229900,0.022850
230000,0.023005
230100,0.023062
230200,0.023148
230300,0.022875
230400,0.022895
230500,0.022684
230600,0.022817
230700,0.022786
230800,0.022782
230900,0.022897
231000,0.022879
231100,0.022937
231200,0.022879
231300,0.022904
231400,0.022986
231500,0.022809
231600,0.022905
231700,0.022895
231800,0.022879
231900,0.022998
232000,0.022824
232100,0.022928
232200,0.023075
232300,0.022723
232400,0.022931
232500,0.022780
232600,0.022983
232700,0.022944
232800,0.022928
232900,0.022814
233000,0.022831
233100,0.022990
233200,0.023066
233300,0.022800
233400,0.022770
233500,0.022876
233600,0.022799
233700,0.022885
233800,0.023029
233900,0.023107
234000,0.022851
234100,0.023141
234200,0.022943
234300,0.023203
234400,0.022826
234500,0.023127
234600,0.023014
234700,0.022806
234800,0.023024
234900,0.022823
235000,0.022784
235100,0.023277
235200,0.022762
235300,0.022924
235400,0.023064
235500,0.022892
235600,0.022882
235700,0.023056
235800,0.022858
235900,0.022861
236000,0.022844
236100,0.022754
236200,0.023055
236300,0.022836
236400,0.022710
236500,0.022885
236600,0.022680
236700,0.022721
236800,0.023055
236900,0.022957
237000,0.022941
237100,0.022918
237200,0.023145
237300,0.023062
237400,0.023139
237500,0.023010
237600,0.022996
237700,0.023024
237800,0.022894
237900,0.022791
238000,0.022842
238100,0.022755
238200,0.022964
238300,0.022984
238400,0.023025
238500,0.023045
238600,0.022957
238700,0.022836
238800,0.022675
238900,0.023028
239000,0.022976
239100,0.022966
239200,0.022729
239300,0.022959
239400,0.022814
239500,0.023005
239600,0.022962
239700,0.022982
239800,0.022850
239900,0.022794
240000,0.022952
240100,0.022952
240200,0.022798
240300,0.022758
240400,0.022914
240500,0.022800
240600,0.023000
240700,0.022720
240800,0.022830
240900,0.022925
241000,0.023183
241100,0.022847
241200,0.023071
241300,0.022882
241400,0.022819
241500,0.022735
241600,0.022873
241700,0.022846
241800,0.022959
241900,0.023002
242000,0.022981
242100,0.022984
242200,0.023043
242300,0.023168
242400,0.022811
242500,0.022863
242600,0.022803
242700,0.022953
242800,0.022967
242900,0.022800
243000,0.022881
243100,0.022828
243200,0.023053
243300,0.022997
243400,0.022887
243500,0.022681
243600,0.022995
243700,0.022807
243800,0.022974
243900,0.023040
244000,0.023024
244100,0.022923
244200,0.022944
244300,0.022806
244400,0.022632
244500,0.022748
244600,0.022973
244700,0.022608
244800,0.022627
244900,0.022877
245000,0.022573
245100,0.022829
245200,0.022846
245300,0.022696
245400,0.022763
245500,0.022997
245600,0.023041
245700,0.022878
245800,0.022841
245900,0.022827
246000,0.022843
246100,0.022885
246200,0.022879
246300,0.022851
246400,0.022830
246500,0.022786
246600,0.022734
246700,0.022799
246800,0.022907
246900,0.022852
247000,0.022941
247100,0.022794
247200,0.022655
247300,0.022885
247400,0.022612
247500,0.023060
247600,0.022867
247700,0.023058
247800,0.022758
247900,0.022777
248000,0.022841
248100,0.023080
248200,0.022996
248300,0.022717
248400,0.022622
248500,0.022725
248600,0.022796
248700,0.023030
248800,0.023064
248900,0.022883
249000,0.022917
249100,0.022794
249200,0.023041
249300,0.022685
249400,0.022943
249500,0.022901
249600,0.022787
249700,0.022923
249800,0.022819
249900,0.023143
250000,0.022741
250100,0.023015
250200,0.022931
250300,0.023132
250400,0.022688
250500,0.022967
250600,0.022898
250700,0.022918
250800,0.022602
250900,0.022824
251000,0.022765
251100,0.023017
251200,0.022601
251300,0.022622
251400,0.022744
251500,0.022895
251600,0.022837
251700,0.022865
251800,0.022766
251900,0.022772
252000,0.022911
252100,0.022893
252200,0.022808
252300,0.022789
252400,0.022792
252500,0.023313
252600,0.022872
252700,0.022885
252800,0.022927
252900,0.022614
253000,0.022947
253100,0.022770
253200,0.022654
253300,0.022829
253400,0.022779
253500,0.022955
253600,0.022691
253700,0.022862
253800,0.022926
253900,0.022629
254000,0.022927
254100,0.022722
254200,0.022545
254300,0.022922
254400,0.022905
254500,0.022761
254600,0.023034
254700,0.022775
254800,0.022794
254900,0.022769
255000,0.022734
255100,0.022772
255200,0.022847
255300,0.022844
255400,0.022682
255500,0.023100
255600,0.022809
255700,0.022552
255800,0.022770
255900,0.023015
256000,0.022828
256100,0.022718
256200,0.022879
256300,0.022952
256400,0.022915
256500,0.022594
256600,0.022821
256700,0.022771
256800,0.022799
256900,0.023035
257000,0.022777
257100,0.022967
257200,0.022726
257300,0.022869
257400,0.022824
257500,0.022960
257600,0.022670
257700,0.022604
257800,0.022865
257900,0.022674
258000,0.022802
258100,0.022929
258200,0.022865
258300,0.022927
258400,0.022666
258500,0.022801
258600,0.022807
258700,0.022835
258800,0.022697
258900,0.022799
259000,0.022814
259100,0.022776
259200,0.022735
259300,0.023018
259400,0.022632
259500,0.022815
259600,0.023097
259700,0.022788
259800,0.023005
259900,0.022691
260000,0.022802
260100,0.022727
260200,0.022827
260300,0.022575
260400,0.022596
260500,0.022794
260600,0.022906
260700,0.022725
260800,0.022995
260900,0.022721
261000,0.022851
261100,0.022883
261200,0.022714
261300,0.022629
261400,0.022813
261500,0.022588
261600,0.022839
261700,0.022658
261800,0.022859
261900,0.023088
262000,0.022922
262100,0.023019
262200,0.022950
262300,0.022744
262400,0.022682
262500,0.022989
262600,0.022781
262700,0.022801
262800,0.022892
262900,0.022909
263000,0.023010
263100,0.023037
263200,0.022899
263300,0.022924
263400,0.022837
263500,0.022811
263600,0.023017
263700,0.022918
263800,0.022851
263900,0.022936
264000,0.023054
264100,0.022878
264200,0.022832
264300,0.023029
264400,0.022706
264500,0.022780
264600,0.022827
264700,0.022871
264800,0.023034
264900,0.022866
265000,0.022687
265100,0.022952
265200,0.022867
265300,0.022886
265400,0.023018
265500,0.022826
265600,0.022808
265700,0.022879
265800,0.022804
265900,0.022657
266000,0.022589
266100,0.023014
266200,0.022853
266300,0.022893
266400,0.022696
266500,0.022884
266600,0.022925
266700,0.022903
266800,0.022823
266900,0.022583
267000,0.022951
267100,0.022572
267200,0.022903
267300,0.022666
267400,0.022581
267500,0.022745
267600,0.022805
267700,0.022742
267800,0.022754
267900,0.022820
268000,0.022761
268100,0.022934
268200,0.022829
268300,0.022876
268400,0.022973
268500,0.022727
268600,0.022685
268700,0.022744
268800,0.022817
268900,0.023079
269000,0.022843
269100,0.022722
269200,0.022708
269300,0.022690
269400,0.022861
269500,0.022577
269600,0.022831
269700,0.022883
269800,0.022846
269900,0.022774
270000,0.022800
270100,0.022955
270200,0.022722
270300,0.022829
270400,0.022741
270500,0.022888
270600,0.022758
270700,0.022713
270800,0.022765
270900,0.022739
271000,0.022713
271100,0.022662
271200,0.022806
271300,0.022951
271400,0.022692
271500,0.022777
271600,0.022843
271700,0.022880
271800,0.022915
271900,0.022796
272000,0.022819
272100,0.022867
272200,0.022786
272300,0.022729
272400,0.022750
272500,0.022691
272600,0.022862
272700,0.022860
272800,0.022652
272900,0.022762
273000,0.022633
273100,0.022837
273200,0.022775
273300,0.022859
273400,0.022855
273500,0.022428
273600,0.022631
273700,0.022916
273800,0.022813
273900,0.022769
274000,0.022608
274100,0.022620
274200,0.022797
274300,0.022890
274400,0.022958
274500,0.022879
274600,0.022765
274700,0.022815
274800,0.022886
274900,0.022751
275000,0.022978
275100,0.022943
275200,0.022638
275300,0.022881
275400,0.022716
275500,0.022560
275600,0.022703
275700,0.022665
275800,0.022967
275900,0.022835
276000,0.022834
276100,0.023019
276200,0.022989
276300,0.022749
276400,0.023061
276500,0.023052
276600,0.022704
276700,0.022799
276800,0.022966
276900,0.022873
277000,0.022770
277100,0.022934
277200,0.022745
277300,0.022778
277400,0.022822
277500,0.022748
277600,0.022515
277700,0.022784
277800,0.022868
277900,0.022882
278000,0.022896
278100,0.022872
278200,0.022715
278300,0.022678
278400,0.022838
278500,0.022786
278600,0.022842
278700,0.022859
278800,0.022685
278900,0.022682
279000,0.022909
279100,0.022674
279200,0.022628
279300,0.022798
279400,0.022843
279500,0.022961
279600,0.022660
279700,0.022850
279800,0.022729
279900,0.022556
280000,0.022850
280100,0.022824
280200,0.022664
280300,0.022681
280400,0.022796
280500,0.022669
280600,0.022858
280700,0.022831
280800,0.022769
280900,0.022678
281000,0.022811
281100,0.022884
281200,0.022650
281300,0.022863
281400,0.022829
281500,0.022560
281600,0.022471
281700,0.022886
281800,0.022660
281900,0.022625
282000,0.022732
282100,0.022744
282200,0.022862
282300,0.022783
282400,0.022670
282500,0.022841
282600,0.022776
282700,0.022839
282800,0.022764
282900,0.022771
283000,0.022673
283100,0.022811
283200,0.022833
283300,0.022798
283400,0.022908
283500,0.022747
283600,0.022733
283700,0.022865
283800,0.022836
283900,0.022688
284000,0.022621
284100,0.022795
284200,0.022816
284300,0.022739
284400,0.022648
284500,0.022989
284600,0.022691
284700,0.022849
284800,0.022657
284900,0.022897
285000,0.022987
285100,0.022792
285200,0.022612
285300,0.022812
285400,0.022819
285500,0.022506
285600,0.022855
285700,0.022564
285800,0.022541
285900,0.022833
286000,0.022634
286100,0.022467
286200,0.022664
286300,0.022871
286400,0.022766
286500,0.022828
286600,0.022703
286700,0.022828
286800,0.022779
286900,0.023028
287000,0.023008
287100,0.022587
287200,0.023048
287300,0.022696
287400,0.022645
287500,0.022591
287600,0.022910
287700,0.022781
287800,0.022487
287900,0.022794
288000,0.022710
288100,0.022565
288200,0.022552
288300,0.023053
288400,0.022680
288500,0.022636
288600,0.022661
288700,0.022727
288800,0.022705
288900,0.022676
289000,0.022669
289100,0.022812
289200,0.022829
289300,0.022872
289400,0.022715
289500,0.022749
289600,0.022559
289700,0.022662
289800,0.022697
289900,0.022685
290000,0.022877
290100,0.022674
290200,0.022533
290300,0.022716
290400,0.022607
290500,0.022815
290600,0.022683
290700,0.022674
290800,0.022567
290900,0.022811
291000,0.022850
291100,0.022599
291200,0.022719
291300,0.022674
291400,0.022823
291500,0.022744
291600,0.022640
291700,0.022646
291800,0.022758
291900,0.022810
292000,0.022744
292100,0.022952
292200,0.022780
292300,0.022912
292400,0.022836
292500,0.022774
292600,0.022894
292700,0.022620
292800,0.022855
292900,0.022779
293000,0.022669
293100,0.023053
293200,0.022805
293300,0.022705
293400,0.022559
293500,0.022734
293600,0.022742
293700,0.022730
293800,0.022746
293900,0.022682
294000,0.022835
294100,0.022684
294200,0.022892
294300,0.022636
294400,0.022825
294500,0.022668
294600,0.022529
294700,0.022816
294800,0.022570
294900,0.022544
295000,0.022761
295100,0.022573
295200,0.022810
295300,0.022706
295400,0.022856
295500,0.022589
295600,0.022637
295700,0.022785
295800,0.022600
295900,0.022895
296000,0.022784
296100,0.022533
296200,0.022793
296300,0.022707
296400,0.022622
296500,0.022576
296600,0.022662
296700,0.022713
296800,0.022757
296900,0.022637
297000,0.022677
297100,0.022538
297200,0.022768
297300,0.022788
297400,0.022513
297500,0.022544
297600,0.022553
297700,0.022955
297800,0.022692
297900,0.022806
298000,0.022382
298100,0.022750
298200,0.022733
298300,0.022524
298400,0.022576
298500,0.022727
298600,0.022719
298700,0.022720
298800,0.022674
298900,0.022875
299000,0.022707
299100,0.022731
299200,0.022739
299300,0.022576
299400,0.022852
299500,0.022816
299600,0.022736
299700,0.022793
299800,0.022796
299900,0.023017
300000,0.022631
300100,0.022824
300200,0.022691
300300,0.022876
300400,0.022653
300500,0.022941
300600,0.022826
300700,0.022673
300800,0.022700
300900,0.022806
301000,0.022728
301100,0.022735
301200,0.022777
301300,0.022514
301400,0.022662
301500,0.022768
301600,0.022743
301700,0.022707
301800,0.022586
301900,0.022601
302000,0.022681
302100,0.022648
302200,0.022688
302300,0.022810
302400,0.022868
302500,0.022786
302600,0.022865
302700,0.022860
302800,0.022671
302900,0.022551
303000,0.022633
303100,0.022614
303200,0.022493
303300,0.022667
303400,0.022888
303500,0.022683
303600,0.022591
303700,0.022529
303800,0.022560
303900,0.022499
304000,0.022782
304100,0.022835
304200,0.022652
304300,0.022579
304400,0.022722
304500,0.022737
304600,0.022798
304700,0.022665
304800,0.022760
304900,0.022695
305000,0.022799
305100,0.022588
305200,0.022720
305300,0.022658
305400,0.022472
305500,0.023089
305600,0.022840
305700,0.022798
305800,0.022653
305900,0.022635
306000,0.022692
306100,0.022649
306200,0.022687
306300,0.022556
306400,0.022729
306500,0.022801
306600,0.022819
306700,0.022764
306800,0.022710
306900,0.022710
307000,0.022631
307100,0.022682
307200,0.022671
307300,0.022535
307400,0.022625
307500,0.022974
307600,0.022562
307700,0.022878
307800,0.022757
307900,0.022697
308000,0.022703
308100,0.022753
308200,0.022750
308300,0.022962
308400,0.022630
308500,0.022755
308600,0.022715
308700,0.022956
308800,0.022629
308900,0.022654
309000,0.022535
309100,0.022740
309200,0.022447
309300,0.022582
309400,0.022696
309500,0.022810
309600,0.022655
309700,0.022677
309800,0.022695
309900,0.022785
310000,0.022705
310100,0.022664
310200,0.022662
310300,0.022549
310400,0.022799
310500,0.022585
310600,0.022679
310700,0.022646
310800,0.022874
310900,0.022630
311000,0.022615
311100,0.022706
311200,0.022702
311300,0.022611
311400,0.022767
311500,0.022813
311600,0.022512
311700,0.022628
311800,0.022683
311900,0.022640
312000,0.022831
312100,0.022686
312200,0.022588
312300,0.022839
312400,0.022808
312500,0.022533
312600,0.022493
312700,0.022834
312800,0.022673
312900,0.022776
313000,0.022717
313100,0.022872
313200,0.022718
313300,0.022420
313400,0.022660
313500,0.022515
313600,0.022520
313700,0.022638
313800,0.022782
313900,0.022738
314000,0.022589
314100,0.022632
314200,0.022703
314300,0.022755
314400,0.022506
314500,0.022600
314600,0.022682
314700,0.022543
314800,0.022635
314900,0.022599
315000,0.022691
315100,0.022711
315200,0.022616
315300,0.022580
315400,0.022818
315500,0.022601
315600,0.022583
315700,0.022474
315800,0.022652
315900,0.022808
316000,0.022775
316100,0.022780
316200,0.022421
316300,0.022566
316400,0.022567
316500,0.022793
316600,0.022597
316700,0.022793
316800,0.022579
316900,0.022917
317000,0.022628
317100,0.022633
317200,0.022552
317300,0.022634
317400,0.022670
317500,0.022775
317600,0.022643
317700,0.022694
317800,0.022791
317900,0.022810
318000,0.022573
318100,0.022572
318200,0.022860
318300,0.022502
318400,0.022644
318500,0.022761
318600,0.022606
318700,0.022489
318800,0.022707
318900,0.022758
319000,0.022788
319100,0.022753
319200,0.022702
319300,0.022892
319400,0.022834
319500,0.022485
319600,0.022803
319700,0.022731
319800,0.022695
319900,0.022724
320000,0.022554
320100,0.022806
320200,0.022768
320300,0.022369
320400,0.022512
320500,0.022695
320600,0.022662
320700,0.022640
320800,0.022959
320900,0.022598
321000,0.022730
321100,0.022735
321200,0.022563
321300,0.022634
321400,0.022693
321500,0.022435
321600,0.022680
321700,0.022811
321800,0.022638
321900,0.022693
322000,0.022603
322100,0.022447
322200,0.022476
322300,0.022722
322400,0.022773
322500,0.022586
322600,0.022781
322700,0.022575
322800,0.022607
322900,0.022797
323000,0.022612
323100,0.022709
323200,0.022568
323300,0.022511
323400,0.022914
323500,0.022650
323600,0.022459
323700,0.022619
323800,0.022827
323900,0.022869
324000,0.022548
324100,0.022444
324200,0.022555
324300,0.022668
324400,0.022634
324500,0.022773
324600,0.022784
324700,0.022703
324800,0.022650
324900,0.022498
325000,0.022699
325100,0.022611
325200,0.022952
325300,0.022884
325400,0.022931
325500,0.022568
325600,0.022715
325700,0.022736
325800,0.022648
325900,0.022832
326000,0.022542
326100,0.022676
326200,0.022503
326300,0.022568
326400,0.022616
326500,0.022469
326600,0.022665
326700,0.022661
326800,0.023020
326900,0.022768
327000,0.022566
327100,0.022590
327200,0.022605
327300,0.022562
327400,0.022731
327500,0.022605
327600,0.022853
327700,0.022743
327800,0.022573
327900,0.022656
328000,0.022611
328100,0.022731
328200,0.022544
328300,0.022640
328400,0.022770
328500,0.022637
328600,0.022567
328700,0.022603
328800,0.022488
328900,0.022431
329000,0.022569
329100,0.022738
329200,0.022736
329300,0.022702
329400,0.022652
329500,0.022592
329600,0.022622
329700,0.022733
329800,0.022504
329900,0.022695
330000,0.022705
330100,0.022565
330200,0.022673
330300,0.022543
330400,0.022693
330500,0.022848
330600,0.022641
330700,0.022688
330800,0.022550
330900,0.022582
331000,0.022619
331100,0.022628
331200,0.022542
331300,0.022569
331400,0.022722
331500,0.022706
331600,0.022737
331700,0.022740
331800,0.022492
331900,0.022500
332000,0.022555
332100,0.022549
332200,0.022650
332300,0.022541
332400,0.022742
332500,0.022680
332600,0.022377
332700,0.022541
332800,0.022762
332900,0.022590
333000,0.022764
333100,0.022774
333200,0.022511
333300,0.022652
333400,0.022526
333500,0.022660
333600,0.022591
333700,0.022542
333800,0.022548
333900,0.022728
334000,0.022751
334100,0.022795
334200,0.022157
334300,0.022394
334400,0.022318
334500,0.022701
334600,0.022426
334700,0.022869
334800,0.022546
334900,0.022858
335000,0.022596
335100,0.022317
335200,0.022744
335300,0.022528
335400,0.022502
335500,0.022681
335600,0.022655
335700,0.022564
335800,0.022504
335900,0.022708
336000,0.022752
336100,0.022733
336200,0.022615
336300,0.022788
336400,0.022999
336500,0.022466
336600,0.022592
336700,0.022583
336800,0.022542
336900,0.022536
337000,0.022694
337100,0.022678
337200,0.022688
337300,0.022525
337400,0.022388
337500,0.022564
337600,0.022699
337700,0.022605
337800,0.022446
337900,0.022424
338000,0.022561
338100,0.022681
338200,0.022360
338300,0.022649
338400,0.022706
338500,0.022700
338600,0.022592
338700,0.022616
338800,0.022793
338900,0.022672
339000,0.022591
339100,0.022602
339200,0.022493
339300,0.022514
339400,0.022680
339500,0.022605
339600,0.022745
339700,0.022503
339800,0.022471
339900,0.022787
340000,0.022640
340100,0.022792
340200,0.022505
340300,0.022578
340400,0.022617
340500,0.022395
340600,0.022720
340700,0.022729
340800,0.022580
340900,0.022822
341000,0.022567
341100,0.022588
341200,0.022558
341300,0.022587
341400,0.022623
341500,0.022374
341600,0.022715
341700,0.022649
341800,0.022738
341900,0.022591
342000,0.022644
342100,0.022393
342200,0.022501
342300,0.022649
342400,0.022712
342500,0.022615
342600,0.022550
342700,0.022408
342800,0.022862
342900,0.022613
343000,0.022703
343100,0.022604
343200,0.022553
343300,0.022536
343400,0.022668
343500,0.022465
343600,0.022565
343700,0.022670
343800,0.022630
343900,0.022564
344000,0.022565
344100,0.022454
344200,0.022803
344300,0.022760
344400,0.022736
344500,0.022770
344600,0.022712
344700,0.022587
344800,0.022626
344900,0.022328
345000,0.022916
345100,0.022501
345200,0.022422
345300,0.022591
345400,0.022441
345500,0.022882
345600,0.022498
345700,0.022564
345800,0.022638
345900,0.022527
346000,0.022725
346100,0.022653
346200,0.022531
346300,0.022607
346400,0.022778
346500,0.022791
346600,0.022754
346700,0.022697
346800,0.022714
346900,0.022659
347000,0.022680
347100,0.022732
347200,0.022587
347300,0.022700
347400,0.022781
347500,0.022489
347600,0.022695
347700,0.022700
347800,0.022633
347900,0.022602
348000,0.022628
348100,0.022597
348200,0.022656
348300,0.022518
348400,0.022527
348500,0.022666
348600,0.022532
348700,0.022615
348800,0.022799
348900,0.022663
349000,0.022646
349100,0.022661
349200,0.022565
349300,0.022510
349400,0.022663
349500,0.022934
349600,0.022528
349700,0.022626
349800,0.022528
349900,0.022576
350000,0.022596
350100,0.022634
350200,0.022673
350300,0.022571
350400,0.022823
350500,0.022773
350600,0.022818
350700,0.022490
350800,0.022555
350900,0.022584
351000,0.022557
351100,0.022694
351200,0.022810
351300,0.022807
351400,0.022528
351500,0.022500
351600,0.022585
351700,0.022649
351800,0.022710
351900,0.022663
352000,0.022623
352100,0.022659
352200,0.022786
352300,0.022556
352400,0.022713
352500,0.022503
352600,0.022368
352700,0.022592
352800,0.022421
352900,0.022577
353000,0.022656
353100,0.022596
353200,0.022459
353300,0.022494
353400,0.022558
353500,0.022493
353600,0.022444
353700,0.022582
353800,0.022710
353900,0.022612
354000,0.022452
354100,0.022660
354200,0.022680
354300,0.022478
354400,0.022600
354500,0.022186
354600,0.022532
354700,0.022467
354800,0.022468
354900,0.022610
355000,0.022775
355100,0.022669
355200,0.022394
355300,0.022491
355400,0.022484
355500,0.022426
355600,0.022576
355700,0.022428
355800,0.022759
355900,0.022596
356000,0.022593
356100,0.022591
356200,0.022651
356300,0.022578
356400,0.022537
356500,0.022478
356600,0.022527
356700,0.022792
356800,0.022558
356900,0.022760
357000,0.022791
357100,0.022786
357200,0.022703
357300,0.022830
357400,0.022753
357500,0.022491
357600,0.022571
357700,0.022493
357800,0.022796
357900,0.022727
358000,0.022325
358100,0.022840
358200,0.022440
358300,0.022525
358400,0.022344
358500,0.022533
358600,0.022536
358700,0.022588
358800,0.022563
358900,0.022522
359000,0.022384
359100,0.022677
359200,0.022694
359300,0.022554
359400,0.022606
359500,0.022838
359600,0.022600
359700,0.022778
359800,0.022569
359900,0.022456
360000,0.022531
360100,0.022564
360200,0.022788
360300,0.022603
360400,0.022442
360500,0.022570
360600,0.022638
360700,0.022683
360800,0.022467
360900,0.022685
361000,0.022566
361100,0.022548
361200,0.022478
361300,0.022736
361400,0.022527
361500,0.022655
361600,0.022628
361700,0.022605
361800,0.022578
361900,0.022489
362000,0.022363
362100,0.022543
362200,0.022581
362300,0.022749
362400,0.022758
362500,0.022689
362600,0.022508
362700,0.022527
362800,0.022594
362900,0.022626
363000,0.022493
363100,0.022388
363200,0.022644
363300,0.022592
363400,0.022623
363500,0.022400
363600,0.022423
363700,0.022474
363800,0.022667
363900,0.022570
364000,0.022498
364100,0.022622
364200,0.022528
364300,0.022607
364400,0.022491
364500,0.022728
364600,0.022448
364700,0.022460
364800,0.022599
364900,0.022612
365000,0.022470
365100,0.022519
365200,0.022477
365300,0.022777
365400,0.022453
365500,0.022598
365600,0.022281
365700,0.022571
365800,0.022460
365900,0.022637
366000,0.022541
366100,0.022702
366200,0.022492
366300,0.022529
366400,0.022399
366500,0.022680
366600,0.022591
366700,0.022572
366800,0.022352
366900,0.022451
367000,0.022580
367100,0.022557
367200,0.022532
367300,0.022719
367400,0.022600
367500,0.022609
367600,0.022531
367700,0.022702
367800,0.022562
367900,0.022617
368000,0.022414
368100,0.022486
368200,0.022365
368300,0.022600
368400,0.022428
368500,0.022578
368600,0.022603
368700,0.022506
368800,0.022552
368900,0.022546
369000,0.022533
369100,0.022730
369200,0.022611
369300,0.022459
369400,0.022553
369500,0.022694
369600,0.022615
369700,0.022572
369800,0.022592
369900,0.022518
370000,0.022624
370100,0.022356
370200,0.022752
370300,0.022320
370400,0.022619
370500,0.022765
370600,0.022580
370700,0.022557
370800,0.022672
370900,0.022554
371000,0.022560
371100,0.022818
371200,0.022499
371300,0.022831
371400,0.022604
371500,0.022634
371600,0.022651
371700,0.022570
371800,0.022507
371900,0.022552
372000,0.022485
372100,0.022735
372200,0.022446
372300,0.022573
372400,0.022563
372500,0.022311
372600,0.022442
372700,0.022447
372800,0.022514
372900,0.022569
373000,0.022555
373100,0.022530
373200,0.022709
373300,0.022506
373400,0.022769
373500,0.022736
373600,0.022600
373700,0.022788
373800,0.022932
373900,0.022484
374000,0.022697
374100,0.022408
374200,0.022395
374300,0.022539
374400,0.022335
374500,0.022545
374600,0.022618
374700,0.022735
374800,0.022536
374900,0.022522
375000,0.022505
375100,0.022753
375200,0.022569
375300,0.022654
375400,0.022485
375500,0.022595
375600,0.022740
375700,0.022545
375800,0.022672
375900,0.022652
376000,0.022852
376100,0.022590
376200,0.022543
376300,0.022746
376400,0.022349
376500,0.022606
376600,0.022606
376700,0.022617
376800,0.022645
376900,0.022600
377000,0.022601
377100,0.022452
377200,0.022384
377300,0.022487
377400,0.022573
377500,0.022558
377600,0.022487
377700,0.022623
377800,0.022537
377900,0.022514
378000,0.022635
378100,0.022543
378200,0.022657
378300,0.022721
378400,0.022370
378500,0.022597
378600,0.022575
378700,0.022770
378800,0.022423
378900,0.022634
379000,0.022671
379100,0.022424
379200,0.022360
379300,0.022473
379400,0.022605
379500,0.022499
379600,0.022499
379700,0.022653
379800,0.022496
379900,0.022645
380000,0.022591
380100,0.022479
380200,0.022589
380300,0.022427
380400,0.022621
380500,0.022597
380600,0.022559
380700,0.022517
380800,0.022476
380900,0.022383
381000,0.022436
381100,0.022688
381200,0.022658
381300,0.022400
381400,0.022638
381500,0.022579
381600,0.022663
381700,0.022655
381800,0.022466
381900,0.022677
382000,0.022557
382100,0.022489
382200,0.022468
382300,0.022485
382400,0.022477
382500,0.022660
382600,0.022432
382700,0.022542
382800,0.022596
382900,0.022370
383000,0.022486
383100,0.022569
383200,0.022730
383300,0.022854
383400,0.022509
383500,0.022524
383600,0.022699
383700,0.022431
383800,0.022499
383900,0.022497
384000,0.022470
384100,0.022514
384200,0.022447
384300,0.022318
384400,0.022514
384500,0.022667
384600,0.022566
384700,0.022482
384800,0.022665
384900,0.022584
385000,0.022545
385100,0.022554
385200,0.022520
385300,0.022552
385400,0.022471
385500,0.022407
385600,0.022437
385700,0.022657
385800,0.022551
385900,0.022509
386000,0.022553
386100,0.022713
386200,0.022593
386300,0.022412
386400,0.022481
386500,0.022411
386600,0.022512
386700,0.022631
386800,0.022598
386900,0.022633
387000,0.022408
387100,0.022619
387200,0.022817
387300,0.022482
387400,0.022562
387500,0.022354
387600,0.022535
387700,0.022519
387800,0.022607
387900,0.022421
388000,0.022572
388100,0.022433
388200,0.022652
388300,0.022386
388400,0.022487
388500,0.022720
388600,0.022630
388700,0.022538
388800,0.022388
388900,0.022643
389000,0.022571
389100,0.022493
389200,0.022405
389300,0.022374
389400,0.022737
389500,0.022405
389600,0.022657
389700,0.022572
389800,0.022503
389900,0.022544
390000,0.022563
390100,0.022695
390200,0.022261
390300,0.022610
390400,0.022414
390500,0.022515
390600,0.022700
390700,0.022439
390800,0.022556
390900,0.022530
391000,0.022652
391100,0.022565
391200,0.022470
391300,0.022531
391400,0.022548
391500,0.022450
391600,0.022565
391700,0.022650
391800,0.022616
391900,0.022468
392000,0.022589
392100,0.022545
392200,0.022730
392300,0.022606
392400,0.022446
392500,0.022627
392600,0.022455
392700,0.022569
392800,0.022352
392900,0.022490
393000,0.022520
393100,0.022467
393200,0.022559
393300,0.022456
393400,0.022597
393500,0.022449
393600,0.022478
393700,0.022378
393800,0.022512
393900,0.022536
394000,0.022444
394100,0.022620
394200,0.022365
394300,0.022495
394400,0.022595
394500,0.022634
394600,0.022650
394700,0.022491
394800,0.022449
394900,0.022362
395000,0.022545
395100,0.022527
395200,0.022443
395300,0.022516
395400,0.022508
395500,0.022505
395600,0.022519
395700,0.022407
395800,0.022503
395900,0.022342
396000,0.022546
396100,0.022279
396200,0.022672
396300,0.022397
396400,0.022760
396500,0.022443
396600,0.022636
396700,0.022436
396800,0.022606
396900,0.022195
397000,0.022476
397100,0.022559
397200,0.022571
397300,0.022487
397400,0.022554
397500,0.022702
397600,0.022770
397700,0.022608
397800,0.022622
397900,0.022726
398000,0.022494
398100,0.022444
398200,0.022366
398300,0.022665
398400,0.022477
398500,0.022272
398600,0.022421
398700,0.022417
398800,0.022576
398900,0.022604
399000,0.022321
399100,0.022660
399200,0.022475
399300,0.022479
399400,0.022602
399500,0.022448
399600,0.022340
399700,0.022508
399800,0.022359
399900,0.022648
400000,0.022433
400100,0.022349
400200,0.022620
400300,0.022372
400400,0.022513
400500,0.022368
400600,0.022728
400700,0.022453
400800,0.022747
400900,0.022489
401000,0.022647
401100,0.022424
401200,0.022451
401300,0.022794
401400,0.022638
401500,0.022223
401600,0.022672
401700,0.022553
401800,0.022491
401900,0.022472
402000,0.022526
402100,0.022592
402200,0.022441
402300,0.022454
402400,0.022514
402500,0.022524
402600,0.022475
402700,0.022474
402800,0.022566
402900,0.022626
403000,0.022349
403100,0.022367
403200,0.022571
403300,0.022380
403400,0.022390
403500,0.022530
403600,0.022386
403700,0.022447
403800,0.022693
403900,0.022374
404000,0.022422
404100,0.022443
404200,0.022543
404300,0.022613
404400,0.022664
404500,0.022672
404600,0.022567
404700,0.022540
404800,0.022444
404900,0.022435
405000,0.022474
405100,0.022373
405200,0.022641
405300,0.022433
405400,0.022686
405500,0.023016
405600,0.022456
405700,0.022452
405800,0.022515
405900,0.022642
406000,0.022372
406100,0.022640
406200,0.022499
406300,0.022585
406400,0.022502
406500,0.022606
406600,0.022264
406700,0.022510
406800,0.022521
406900,0.022598
407000,0.022594
407100,0.022679
407200,0.022255
407300,0.022442
407400,0.022601
407500,0.022376
407600,0.022484
407700,0.022351
407800,0.022470
407900,0.022532
408000,0.022484
408100,0.022572
408200,0.022314
408300,0.022471
408400,0.022475
408500,0.022479
408600,0.022601
408700,0.022421
408800,0.022490
408900,0.022499
409000,0.022418
409100,0.022508
409200,0.022458
409300,0.022434
409400,0.022522
409500,0.022665
409600,0.022498
409700,0.022648
409800,0.022351
409900,0.022534
410000,0.022357
410100,0.022540
410200,0.022427
410300,0.022284
410400,0.022500
410500,0.022515
410600,0.022714
410700,0.022575
410800,0.022588
410900,0.022664
411000,0.022373
411100,0.022476
411200,0.022585
411300,0.022600
411400,0.022588
411500,0.022372
411600,0.022548
411700,0.022471
411800,0.022334
411900,0.022461
412000,0.022653
412100,0.022403
412200,0.022585
412300,0.022435
412400,0.022324
412500,0.022350
412600,0.022483
412700,0.022467
412800,0.022502
412900,0.022424
413000,0.022635
413100,0.022460
413200,0.022560
413300,0.022351
413400,0.022709
413500,0.022527
413600,0.022401
413700,0.022456
413800,0.022518
413900,0.022543
414000,0.022518
414100,0.022511
414200,0.022549
414300,0.022478
414400,0.022506
414500,0.022564
414600,0.022539
414700,0.022535
414800,0.022372
414900,0.022533
415000,0.022605
415100,0.022721
415200,0.022501
415300,0.022575
415400,0.022486
415500,0.022469
415600,0.022398
415700,0.022424
415800,0.022474
415900,0.022491
416000,0.022310
416100,0.022579
416200,0.022575
416300,0.022401
416400,0.022521
416500,0.022514
416600,0.022340
416700,0.022503
416800,0.022442
416900,0.022490
417000,0.022460
417100,0.022503
417200,0.022195
417300,0.022702
417400,0.022534
417500,0.022424
417600,0.022558
417700,0.022395
417800,0.022471
417900,0.022503
418000,0.022444
418100,0.022427
418200,0.022588
418300,0.022558
418400,0.022537
418500,0.022424
418600,0.022482
418700,0.022552
418800,0.022458
418900,0.022430
419000,0.022533
419100,0.022596
419200,0.022484
419300,0.022580
419400,0.022665
419500,0.022627
419600,0.022483
419700,0.022531
419800,0.022719
419900,0.022620
420000,0.022421
420100,0.022318
420200,0.022473
420300,0.022432
420400,0.022365
420500,0.022350
420600,0.022420
420700,0.022590
420800,0.022535
420900,0.022316
421000,0.022486
421100,0.022324
421200,0.022492
421300,0.022762
421400,0.022451
421500,0.022407
421600,0.022495
421700,0.022404
421800,0.022383
421900,0.022437
422000,0.022429
422100,0.022466
422200,0.022495
422300,0.022527
422400,0.022448
422500,0.022325
422600,0.022397
422700,0.022497
422800,0.022616
422900,0.022512
423000,0.022442
423100,0.022285
423200,0.022449
423300,0.022617
423400,0.022344
423500,0.022297
423600,0.022617
423700,0.022422
423800,0.022618
423900,0.022452
424000,0.022568
424100,0.022519
424200,0.022391
424300,0.022267
424400,0.022626
424500,0.022481
424600,0.022586
424700,0.022490
424800,0.022474
424900,0.022445
425000,0.022731
425100,0.022458
425200,0.022558
425300,0.022526
425400,0.022458
425500,0.022580
425600,0.022694
425700,0.022409
425800,0.022521
425900,0.022256
426000,0.022392
426100,0.022640
426200,0.022453
426300,0.022347
426400,0.022325
426500,0.022453
426600,0.022408
426700,0.022491
426800,0.022563
426900,0.022622
427000,0.022438
427100,0.022429
427200,0.022478
427300,0.022473
427400,0.022520
427500,0.022502
427600,0.022478
427700,0.022604
427800,0.022598
427900,0.022353
428000,0.022376
428100,0.022492
428200,0.022643
428300,0.022436
428400,0.022750
428500,0.022623
428600,0.022487
428700,0.022479
428800,0.022372
428900,0.022299
429000,0.022397
429100,0.022463
429200,0.022224
429300,0.022394
429400,0.022417
429500,0.022344
429600,0.022536
429700,0.022425
429800,0.022429
429900,0.022551
430000,0.022570
430100,0.022509
430200,0.022449
430300,0.022533
430400,0.022442
430500,0.022568
430600,0.022567
430700,0.022403
430800,0.022521
430900,0.022424
431000,0.022623
431100,0.022463
431200,0.022512
431300,0.022260
431400,0.022413
431500,0.022459
431600,0.022636
431700,0.022456
431800,0.022567
431900,0.022484
432000,0.022239
432100,0.022311
432200,0.022291
432300,0.022555
432400,0.022506
432500,0.022259
432600,0.022408
432700,0.022380
432800,0.022424
432900,0.022411
433000,0.022384
433100,0.022335
433200,0.022599
433300,0.022629
433400,0.022423
433500,0.022455
433600,0.022675
433700,0.022264
433800,0.022639
433900,0.022530
434000,0.022438
434100,0.022662
434200,0.022437
434300,0.022476
434400,0.022476
434500,0.022709
434600,0.022460
434700,0.022526
434800,0.022336
434900,0.022534
435000,0.022444
435100,0.022408
435200,0.022666
435300,0.022309
435400,0.022299
435500,0.022081
435600,0.022501
435700,0.022339
435800,0.022606
435900,0.022165
436000,0.022370
436100,0.022448
436200,0.022291
436300,0.022491
436400,0.022421
436500,0.022408
436600,0.022683
436700,0.022475
436800,0.022679
436900,0.022715
437000,0.022526
437100,0.022287
437200,0.022537
437300,0.022421
437400,0.022485
437500,0.022419
437600,0.022454
437700,0.022519
437800,0.022524
437900,0.022344
438000,0.022436
438100,0.022407
438200,0.022327
438300,0.022555
438400,0.022508
438500,0.022347
438600,0.022338
438700,0.022488
438800,0.022383
438900,0.022592
439000,0.022530
439100,0.022617
439200,0.022248
439300,0.022742
439400,0.022520
439500,0.022480
439600,0.022669
439700,0.022578
439800,0.022544
439900,0.022522
440000,0.022645
440100,0.022322
440200,0.022360
440300,0.022317
440400,0.022237
440500,0.022371
440600,0.022438
440700,0.022261
440800,0.022406
440900,0.022518
441000,0.022461
441100,0.022442
441200,0.022524
441300,0.022551
441400,0.022608
441500,0.022579
441600,0.022362
441700,0.022396
441800,0.022305
441900,0.022671
442000,0.022148
442100,0.022580
442200,0.022418
442300,0.022399
442400,0.022594
442500,0.022411
442600,0.022642
442700,0.022483
442800,0.022473
442900,0.022439
443000,0.022360
443100,0.022659
443200,0.022380
443300,0.022512
443400,0.022658
443500,0.022397
443600,0.022348
443700,0.022221
443800,0.022457
443900,0.022539
444000,0.022527
444100,0.022627
444200,0.022407
444300,0.022478
444400,0.022480
444500,0.022492
444600,0.022529
444700,0.022675
444800,0.022390
444900,0.022542
445000,0.022451
445100,0.022309
445200,0.022405
445300,0.022490
445400,0.022228
445500,0.022541
445600,0.022576
445700,0.022514
445800,0.022377
445900,0.022505
446000,0.022763
446100,0.022551
446200,0.022494
446300,0.022289
446400,0.022504
446500,0.022474
446600,0.022478
446700,0.022207
446800,0.022509
446900,0.022618
447000,0.022655
447100,0.022712
447200,0.022626
447300,0.022399
447400,0.022764
447500,0.022343
447600,0.022511
447700,0.022323
447800,0.022438
447900,0.022325
448000,0.022614
448100,0.022451
448200,0.022328
448300,0.022450
448400,0.022490
448500,0.022596
448600,0.022343
448700,0.022433
448800,0.022424
448900,0.022432
449000,0.022398
449100,0.022376
449200,0.022336
449300,0.022413
449400,0.022488
449500,0.022528
449600,0.022534
449700,0.022318
449800,0.022481
449900,0.022651
450000,0.022494
450100,0.022270
450200,0.022282
450300,0.022418
450400,0.022353
450500,0.022570
450600,0.022472
450700,0.022263
450800,0.022413
450900,0.022328
451000,0.022523
451100,0.022280
451200,0.022719
451300,0.022378
451400,0.022600
451500,0.022414
451600,0.022373
451700,0.022265
451800,0.022493
451900,0.022592
452000,0.022731
452100,0.022513
452200,0.022400
452300,0.022209
452400,0.022259
452500,0.022636
452600,0.022280
452700,0.022297
452800,0.022288
452900,0.022419
453000,0.022505
453100,0.022392
453200,0.022404
453300,0.022425
453400,0.022434
453500,0.022382
453600,0.022378
453700,0.022309
453800,0.022570
453900,0.022299
454000,0.022398
454100,0.022318
454200,0.022468
454300,0.022492
454400,0.022506
454500,0.022436
454600,0.022337
454700,0.022450
454800,0.022451
454900,0.022401
455000,0.022253
455100,0.022508
455200,0.022589
455300,0.022330
455400,0.022251
455500,0.022335
455600,0.022351
455700,0.022494
455800,0.022606
455900,0.022381
456000,0.022544
456100,0.022504
456200,0.022482
456300,0.022332
456400,0.022374
456500,0.022452
456600,0.022584
456700,0.022554
456800,0.022469
456900,0.022361
457000,0.022468
457100,0.022340
457200,0.022367
457300,0.022682
457400,0.022164
457500,0.022152
457600,0.022537
457700,0.022394
457800,0.022454
457900,0.022461
458000,0.022316
458100,0.022377
458200,0.022504
458300,0.022640
458400,0.022440
458500,0.022322
458600,0.022739
458700,0.022446
458800,0.022377
458900,0.022521
459000,0.022526
459100,0.022198
459200,0.022203
459300,0.022482
459400,0.022405
459500,0.022338
459600,0.022441
459700,0.022567
459800,0.022551
459900,0.022404
460000,0.022279
460100,0.022240
460200,0.022386
460300,0.022319
460400,0.022441
460500,0.022278
460600,0.022400
460700,0.022470
460800,0.022383
460900,0.022397
461000,0.022378
461100,0.022241
461200,0.022398
461300,0.022248
461400,0.022380
461500,0.022225
461600,0.022507
461700,0.022360
461800,0.022412
461900,0.022348
462000,0.022440
462100,0.022369
462200,0.022328
462300,0.022511
462400,0.022529
462500,0.022427
462600,0.022578
462700,0.022618
462800,0.022413
462900,0.022606
463000,0.022554
463100,0.022491
463200,0.022462
463300,0.022615
463400,0.022734
463500,0.022306
463600,0.022623
463700,0.022273
463800,0.022449
463900,0.022485
464000,0.022396
464100,0.022560
464200,0.022368
464300,0.022411
464400,0.022317
464500,0.022547
464600,0.022372
464700,0.022399
464800,0.022435
464900,0.022550
465000,0.022372
465100,0.022398
465200,0.022596
465300,0.022496
465400,0.022540
465500,0.022149
465600,0.022286
465700,0.022498
465800,0.022495
465900,0.022457
466000,0.022491
466100,0.022324
466200,0.022468
466300,0.022341
466400,0.022461
466500,0.022518
466600,0.022415
466700,0.022320
466800,0.022380
466900,0.022430
467000,0.022507
467100,0.022553
467200,0.022208
467300,0.022272
467400,0.022308
467500,0.022448
467600,0.022423
467700,0.022511
467800,0.022581
467900,0.022513
468000,0.022343
468100,0.022442
468200,0.022348
468300,0.022453
468400,0.022278
468500,0.022480
468600,0.022298
468700,0.022393
468800,0.022330
468900,0.022446
469000,0.022314
469100,0.022363
469200,0.022420
469300,0.022341
469400,0.022489
469500,0.022706
469600,0.022221
469700,0.022409
469800,0.022369
469900,0.022390
470000,0.022275
470100,0.022303
470200,0.022427
470300,0.022151
470400,0.022229
470500,0.022364
470600,0.022678
470700,0.022476
470800,0.022332
470900,0.022451
471000,0.022470
471100,0.022491
471200,0.022573
471300,0.022232
471400,0.022350
471500,0.022341
471600,0.022464
471700,0.022356
471800,0.022433
471900,0.022204
472000,0.022488
472100,0.022439
472200,0.022568
472300,0.022341
472400,0.022543
472500,0.022388
472600,0.022504
472700,0.022401
472800,0.022449
472900,0.022407
473000,0.022342
473100,0.022328
473200,0.022423
473300,0.022395
473400,0.022486
473500,0.022389
473600,0.022541
473700,0.022307
473800,0.022305
473900,0.022507
474000,0.022568
474100,0.022410
474200,0.022121
474300,0.022333
474400,0.022370
474500,0.022179
474600,0.022388
474700,0.022336
474800,0.022446
474900,0.022450
475000,0.022410
475100,0.022421
475200,0.022460
475300,0.022310
475400,0.022266
475500,0.022422
475600,0.022489
475700,0.022455
475800,0.022546
475900,0.022260
476000,0.022279
476100,0.022482
476200,0.022358
476300,0.022640
476400,0.022296
476500,0.022394
476600,0.022281
476700,0.022642
476800,0.022373
476900,0.022629
477000,0.022458
477100,0.022455
477200,0.022564
477300,0.022254
477400,0.022280
477500,0.022363
477600,0.022452
477700,0.022301
477800,0.022247
477900,0.022391
478000,0.022246
478100,0.022373
478200,0.022414
478300,0.022262
478400,0.022388
478500,0.022295
478600,0.022384
478700,0.022574
478800,0.022495
478900,0.022321
479000,0.022234
479100,0.022534
479200,0.022435
479300,0.022423
479400,0.022443
479500,0.022180
479600,0.022427
479700,0.022231
479800,0.022401
479900,0.022516
480000,0.022448
480100,0.022348
480200,0.022388
480300,0.022369
480400,0.022325
480500,0.022478
480600,0.022322
480700,0.022309
480800,0.022320
480900,0.022428
481000,0.022394
481100,0.022384
481200,0.022311
481300,0.022379
481400,0.022321
481500,0.022470
481600,0.022359
481700,0.022594
481800,0.022255
481900,0.022421
482000,0.022402
482100,0.022508
482200,0.022474
482300,0.022444
482400,0.022479
482500,0.022245
482600,0.022561
482700,0.022512
482800,0.022592
482900,0.022275
483000,0.022221
483100,0.022344
483200,0.022434
483300,0.022449
483400,0.022252
483500,0.022209
483600,0.022389
483700,0.022542
483800,0.022248
483900,0.022272
484000,0.022334
484100,0.022520
484200,0.022431
484300,0.022528
484400,0.022370
484500,0.022445
484600,0.022445
484700,0.022337
484800,0.022525
484900,0.022411
485000,0.022358
485100,0.022348
485200,0.022333
485300,0.022347
485400,0.022522
485500,0.022435
485600,0.022347
485700,0.022490
485800,0.022618
485900,0.022486
486000,0.022456
486100,0.022444
486200,0.022393
486300,0.022430
486400,0.022466
486500,0.022510
486600,0.022420
486700,0.022419
486800,0.022628
486900,0.022401
487000,0.022562
487100,0.022435
487200,0.022415
487300,0.022339
487400,0.022275
487500,0.022311
487600,0.022501
487700,0.022302
487800,0.022788
487900,0.022290
488000,0.022261
488100,0.022349
488200,0.022574
488300,0.022323
488400,0.022339
488500,0.022271
488600,0.022234
488700,0.022561
488800,0.022549
488900,0.022342
489000,0.022312
489100,0.022428
489200,0.022398
489300,0.022439
489400,0.022558
489500,0.022337
489600,0.022563
489700,0.022532
489800,0.022677
489900,0.022193
490000,0.022537
490100,0.022668
490200,0.022420
490300,0.022448
490400,0.022436
490500,0.022693
490600,0.022483
490700,0.022503
490800,0.022458
490900,0.022256
491000,0.022501
491100,0.022386
491200,0.022223
491300,0.022457
491400,0.022281
491500,0.022372
491600,0.022286
491700,0.022231
491800,0.022404
491900,0.022412
492000,0.022583
492100,0.022337
492200,0.022345
492300,0.022423
492400,0.022282
492500,0.022406
492600,0.022178
492700,0.022291
492800,0.022421
492900,0.022212
493000,0.022233
493100,0.022455
493200,0.022382
493300,0.022427
493400,0.022411
493500,0.022355
493600,0.022545
493700,0.022341
493800,0.022478
493900,0.022438
494000,0.022328
494100,0.022490
494200,0.022423
494300,0.022594
494400,0.022453
494500,0.022369
494600,0.022469
494700,0.022628
494800,0.022276
494900,0.022273
495000,0.022450
495100,0.022306
495200,0.022348
495300,0.022233
495400,0.022605
495500,0.022425
495600,0.022358
495700,0.022364
495800,0.022148
495900,0.022530
496000,0.022351
496100,0.022464
496200,0.022494
496300,0.022194
496400,0.022460
496500,0.022534
496600,0.022360
496700,0.022594
496800,0.022292
496900,0.022319
497000,0.022350
497100,0.022482
497200,0.022460
497300,0.022368
497400,0.022214
497500,0.022406
497600,0.022457
497700,0.022136
497800,0.022360
497900,0.022340
498000,0.022479
498100,0.022236
498200,0.022200
498300,0.022417
498400,0.022219
498500,0.022623
498600,0.022489
498700,0.022315
498800,0.022381
498900,0.022321
499000,0.022449
499100,0.022436
499200,0.022386
499300,0.022303
499400,0.022384
499500,0.022303
499600,0.022405
499700,0.022567
499800,0.022383
499900,0.022469
500000,0.022413
500100,0.022499
500200,0.022363
500300,0.022238
500400,0.022337
500500,0.022077
500600,0.022435
500700,0.022205
500800,0.022573
500900,0.022169
501000,0.022437
501100,0.022138
501200,0.022233
501300,0.022198
501400,0.022405
501500,0.022461
501600,0.022368
501700,0.022110
501800,0.022276
501900,0.022501
502000,0.022222
502100,0.022264
502200,0.022299
502300,0.022342
502400,0.022410
502500,0.022446
502600,0.022263
502700,0.022654
502800,0.022274
502900,0.022316
503000,0.022367
503100,0.022167
503200,0.022597
503300,0.022531
503400,0.022539
503500,0.022372
503600,0.022265
503700,0.022276
503800,0.022228
503900,0.022182
504000,0.022334
504100,0.022403
504200,0.022151
504300,0.022142
504400,0.022290
504500,0.022309
504600,0.022461
504700,0.022605
504800,0.022455
504900,0.022136
505000,0.022021
505100,0.022319
505200,0.022207
505300,0.022333
505400,0.022374
505500,0.022357
505600,0.022393
505700,0.022391
505800,0.022305
505900,0.022278
506000,0.022319
506100,0.022281
506200,0.022479
506300,0.022366
506400,0.022335
506500,0.022484
506600,0.022230
506700,0.022465
506800,0.022429
506900,0.022488
507000,0.022356
507100,0.022372
507200,0.022212
507300,0.022299
507400,0.022351
507500,0.022226
507600,0.022297
507700,0.022376
507800,0.022438
507900,0.022548
508000,0.022167
508100,0.022346
508200,0.022464
508300,0.022330
508400,0.022211
508500,0.022508
508600,0.022365
508700,0.022534
508800,0.022440
508900,0.022212
509000,0.022418
509100,0.022484
509200,0.022420
509300,0.022644
509400,0.022153
509500,0.022544
509600,0.022439
509700,0.022428
509800,0.022359
509900,0.022190
510000,0.022189
510100,0.022230
510200,0.022623
510300,0.022408
510400,0.022221
510500,0.022395
510600,0.022094
510700,0.022192
510800,0.022444
510900,0.022308
511000,0.022237
511100,0.022467
511200,0.022351
511300,0.022383
511400,0.022208
511500,0.022540
511600,0.022531
511700,0.022304
511800,0.022373
511900,0.022518
512000,0.022217
512100,0.022284
512200,0.022371
512300,0.022248
512400,0.022432
512500,0.022378
512600,0.022579
512700,0.022393
512800,0.022279
512900,0.022375
513000,0.022572
513100,0.022661
513200,0.022342
513300,0.022225
513400,0.022452
513500,0.022409
513600,0.022419
513700,0.022253
513800,0.022288
513900,0.022257
514000,0.022193
514100,0.022247
514200,0.022275
514300,0.021940
514400,0.022202
514500,0.022187
514600,0.022214
514700,0.022270
514800,0.022308
514900,0.022536
515000,0.022303
515100,0.022353
515200,0.022299
515300,0.022349
515400,0.022207
515500,0.022439
515600,0.022380
515700,0.022163
515800,0.022376
515900,0.022583
516000,0.022273
516100,0.022446
516200,0.022362
516300,0.022211
516400,0.022186
516500,0.022328
516600,0.022465
516700,0.022407
516800,0.022338
516900,0.022413
517000,0.022231
517100,0.022451
517200,0.022370
517300,0.022326
517400,0.022432
517500,0.022328
517600,0.022227
517700,0.022511
517800,0.022398
517900,0.022369
518000,0.022383
518100,0.022580
518200,0.022413
518300,0.022528
518400,0.022359
518500,0.022352
518600,0.022193
518700,0.022168
518800,0.022428
518900,0.022318
519000,0.022319
519100,0.022066
519200,0.022294
519300,0.022410
519400,0.022295
519500,0.022284
519600,0.022132
519700,0.022191
519800,0.022235
519900,0.022255
520000,0.022461
520100,0.022685
520200,0.022114
520300,0.022475
520400,0.022470
520500,0.022438
520600,0.022041
520700,0.022353
520800,0.022167
520900,0.022242
521000,0.022304
521100,0.022221
521200,0.022366
521300,0.022339
521400,0.022231
521500,0.022358
521600,0.022371
521700,0.022319
521800,0.022320
521900,0.022214
522000,0.022355
522100,0.022321
522200,0.022355
522300,0.022386
522400,0.022508
522500,0.022293
522600,0.022269
522700,0.022167
522800,0.022151
522900,0.022254
523000,0.022135
523100,0.022287
523200,0.022342
523300,0.022356
523400,0.022431
523500,0.022322
523600,0.022264
523700,0.022282
523800,0.022468
523900,0.022430
524000,0.022111
524100,0.022321
524200,0.022260
524300,0.022347
524400,0.022227
524500,0.022381
524600,0.022355
524700,0.022312
524800,0.022255
524900,0.022464
525000,0.022201
525100,0.022505
525200,0.022150
525300,0.022555
525400,0.022452
525500,0.022290
525600,0.022374
525700,0.022265
525800,0.022379
525900,0.022381
526000,0.022442
526100,0.022440
526200,0.022502
526300,0.022504
526400,0.022217
526500,0.022174
526600,0.022298
526700,0.022128
526800,0.022251
526900,0.022378
527000,0.022220
527100,0.022390
527200,0.022340
527300,0.022436
527400,0.022486
527500,0.022260
527600,0.022321
527700,0.022446
527800,0.022503
527900,0.022237
528000,0.022408
528100,0.022314
528200,0.022599
528300,0.022423
528400,0.022382
528500,0.022467
528600,0.022404
528700,0.022350
528800,0.022185
528900,0.022189
529000,0.022220
529100,0.022379
529200,0.022359
529300,0.022266
529400,0.022390
529500,0.022350
529600,0.022256
529700,0.022260
529800,0.022324
529900,0.022317
530000,0.022487
530100,0.022544
530200,0.022428
530300,0.022413
530400,0.022339
530500,0.022153
530600,0.022451
530700,0.022325
530800,0.022599
530900,0.022302
531000,0.022311
531100,0.022118
531200,0.022318
531300,0.022460
531400,0.022163
531500,0.022361
531600,0.022272
531700,0.022335
531800,0.022321
531900,0.022463
532000,0.022281
532100,0.022169
